year,scenario,event_type,mean_duration,sd_duration
1981,SSP2-4.5,AHWs_duration,16.347989949748744,0
1982,SSP2-4.5,AHWs_duration,11.765075376884422,0
1983,SSP2-4.5,AHWs_duration,17.876884422110553,0
1984,SSP2-4.5,AHWs_duration,14.57286432160804,0
1985,SSP2-4.5,AHWs_duration,14.912060301507537,0
1986,SSP2-4.5,AHWs_duration,19.32035175879397,0
1987,SSP2-4.5,AHWs_duration,21.781407035175878,0
1988,SSP2-4.5,AHWs_duration,20.081658291457288,0
1989,SSP2-4.5,AHWs_duration,25.257537688442213,0
1990,SSP2-4.5,AHWs_duration,32.496231155778894,0
1991,SSP2-4.5,AHWs_duration,19.832914572864322,0
1992,SSP2-4.5,AHWs_duration,12.977386934673367,0
1993,SSP2-4.5,AHWs_duration,13.077889447236181,0
1994,SSP2-4.5,AHWs_duration,18.935929648241206,0
1995,SSP2-4.5,AHWs_duration,19.00502512562814,0
1996,SSP2-4.5,AHWs_duration,15.708542713567839,0
1997,SSP2-4.5,AHWs_duration,12.212311557788945,0
1998,SSP2-4.5,AHWs_duration,33.83040201005025,0
1999,SSP2-4.5,AHWs_duration,24.732412060301506,0
2000,SSP2-4.5,AHWs_duration,26.347989949748744,0
2001,SSP2-4.5,AHWs_duration,19.868090452261306,0
2002,SSP2-4.5,AHWs_duration,27.17713567839196,0
2003,SSP2-4.5,AHWs_duration,26.155778894472363,0
2004,SSP2-4.5,AHWs_duration,14.097989949748744,0
2005,SSP2-4.5,AHWs_duration,24.097989949748744,0
2006,SSP2-4.5,AHWs_duration,28.477386934673365,0
2007,SSP2-4.5,AHWs_duration,30.368090452261306,0
2008,SSP2-4.5,AHWs_duration,13.638190954773869,0
2009,SSP2-4.5,AHWs_duration,13.859296482412061,0
2010,SSP2-4.5,AHWs_duration,21.804020100502512,0
2011,SSP2-4.5,AHWs_duration,28.800251256281406,0
2012,SSP2-4.5,AHWs_duration,36.85050251256281,0
2013,SSP2-4.5,AHWs_duration,16.526381909547737,0
2014,SSP2-4.5,AHWs_duration,14.17964824120603,0
2015,SSP2-4.5,AHWs_duration,35.26130653266332,0
2016,SSP2-4.5,AHWs_duration,28.79145728643216,0
2017,SSP2-4.5,AHWs_duration,26.797738693467338,0
2018,SSP2-4.5,AHWs_duration,26.824120603015075,0
2019,SSP2-4.5,AHWs_duration,22.036809045226132,0.03504124449757712
2020,SSP2-4.5,AHWs_duration,52.02010050251256,10.694471739040075
2021,SSP2-4.5,AHWs_duration,55.07650753768844,15.097477952036709
2022,SSP2-4.5,AHWs_duration,52.62110552763819,11.030391822665283
2023,SSP2-4.5,AHWs_duration,60.62386934673367,16.28509868036781
2024,SSP2-4.5,AHWs_duration,56.189824120603014,13.035956993393029
2025,SSP2-4.5,AHWs_duration,59.516457286432164,7.9436472523031565
2026,SSP2-4.5,AHWs_duration,59.46582914572864,12.426776769409896
2027,SSP2-4.5,AHWs_duration,69.65628140703518,21.649786935421158
2028,SSP2-4.5,AHWs_duration,68.35992462311557,19.925271232575472
2029,SSP2-4.5,AHWs_duration,68.6824120603015,6.627439920512483
2030,SSP2-4.5,AHWs_duration,69.03467336683417,17.55712763350323
2031,SSP2-4.5,AHWs_duration,68.19032663316582,16.13479932559326
2032,SSP2-4.5,AHWs_duration,64.06746231155779,17.74463589350258
2033,SSP2-4.5,AHWs_duration,73.69334170854272,10.756449870235468
2034,SSP2-4.5,AHWs_duration,63.87613065326633,10.187771313008229
2035,SSP2-4.5,AHWs_duration,65.70904522613066,6.649354393712636
2036,SSP2-4.5,AHWs_duration,70.80515075376884,15.871186329932346
2037,SSP2-4.5,AHWs_duration,64.48266331658292,10.928197209172684
2038,SSP2-4.5,AHWs_duration,71.6247487437186,15.016574305303301
2039,SSP2-4.5,AHWs_duration,70.62097989949748,11.894327812273824
2040,SSP2-4.5,AHWs_duration,71.42952261306533,10.081195945033231
2041,SSP2-4.5,AHWs_duration,71.73090452261306,18.056702201511797
2042,SSP2-4.5,AHWs_duration,76.16168341708543,12.345427747291888
2043,SSP2-4.5,AHWs_duration,78.6143216080402,16.180112626538158
2044,SSP2-4.5,AHWs_duration,81.81557788944724,11.925082509727828
2045,SSP2-4.5,AHWs_duration,82.70087939698493,11.549311527349312
2046,SSP2-4.5,AHWs_duration,82.69346733668343,12.286430850571806
2047,SSP2-4.5,AHWs_duration,84.73542713567839,15.26269329347023
2048,SSP2-4.5,AHWs_duration,87.23040201005026,21.330324750712524
2049,SSP2-4.5,AHWs_duration,91.53429648241206,10.782838650795142
2050,SSP2-4.5,AHWs_duration,94.48919597989949,19.66746612125508
2051,SSP2-4.5,AHWs_duration,90.84020100502512,15.338206313066708
2052,SSP2-4.5,AHWs_duration,91.9646984924623,20.076037745567486
2053,SSP2-4.5,AHWs_duration,84.98077889447237,16.87748910822168
2054,SSP2-4.5,AHWs_duration,93.14208542713568,23.32699036872869
2055,SSP2-4.5,AHWs_duration,88.34849246231155,24.727304690006008
2056,SSP2-4.5,AHWs_duration,92.65263819095478,13.678859056473478
2057,SSP2-4.5,AHWs_duration,100.69899497487437,24.50698968010408
2058,SSP2-4.5,AHWs_duration,104.89057788944723,21.003471850929984
2059,SSP2-4.5,AHWs_duration,93.96407035175879,17.678910643214685
2060,SSP2-4.5,AHWs_duration,89.68228643216081,15.837605315541884
2061,SSP2-4.5,AHWs_duration,99.99585427135679,23.224334056860748
2062,SSP2-4.5,AHWs_duration,102.12035175879397,28.774365546186086
2063,SSP2-4.5,AHWs_duration,100.39359296482412,22.748202667874587
2064,SSP2-4.5,AHWs_duration,97.02537688442212,18.824646733090127
2065,SSP2-4.5,AHWs_duration,101.0894472361809,19.03594941364991
2066,SSP2-4.5,AHWs_duration,98.63668341708544,14.573361505987641
2067,SSP2-4.5,AHWs_duration,102.59195979899498,20.397339868231814
2068,SSP2-4.5,AHWs_duration,102.7037688442211,15.418208267602862
2069,SSP2-4.5,AHWs_duration,110.4753768844221,20.24858221431457
2070,SSP2-4.5,AHWs_duration,114.05565326633166,31.341057402949836
2071,SSP2-4.5,AHWs_duration,106.74585427135679,23.58665052323249
2072,SSP2-4.5,AHWs_duration,111.55025125628141,25.28620537627689
2073,SSP2-4.5,AHWs_duration,101.40979899497488,26.755614178682823
2074,SSP2-4.5,AHWs_duration,113.3214824120603,24.70941859758636
2075,SSP2-4.5,AHWs_duration,115.4247487437186,26.99500811979725
2076,SSP2-4.5,AHWs_duration,114.706783919598,25.99754310106505
2077,SSP2-4.5,AHWs_duration,109.60138190954774,23.28961716160829
2078,SSP2-4.5,AHWs_duration,108.09133165829145,25.45179060621521
2079,SSP2-4.5,AHWs_duration,112.37336683417085,24.60047801692367
2080,SSP2-4.5,AHWs_duration,111.09497487437186,23.39905514216163
2081,SSP2-4.5,AHWs_duration,109.51834170854272,19.701790984021766
2082,SSP2-4.5,AHWs_duration,116.01733668341708,27.30683987602832
2083,SSP2-4.5,AHWs_duration,115.70879396984924,20.03410839617819
2084,SSP2-4.5,AHWs_duration,116.40263819095478,16.834912599442806
2085,SSP2-4.5,AHWs_duration,110.52587939698492,17.16147261549149
2086,SSP2-4.5,AHWs_duration,125.42738693467336,24.620111829658413
2087,SSP2-4.5,AHWs_duration,129.14183417085428,30.669225762671612
2088,SSP2-4.5,AHWs_duration,123.82600502512562,26.456984721575658
2089,SSP2-4.5,AHWs_duration,124.79761306532663,28.103666814763987
2090,SSP2-4.5,AHWs_duration,125.57801507537688,22.95530701579736
2091,SSP2-4.5,AHWs_duration,126.35,16.627851196281245
2092,SSP2-4.5,AHWs_duration,123.38806532663317,21.077069235187448
2093,SSP2-4.5,AHWs_duration,128.19082914572863,21.69049839716183
2094,SSP2-4.5,AHWs_duration,129.26608040201006,32.448106163085534
2095,SSP2-4.5,AHWs_duration,124.96105527638191,20.44696387415299
2096,SSP2-4.5,AHWs_duration,141.9850502512563,28.585445722332025
2097,SSP2-4.5,AHWs_duration,134.5141959798995,27.68404876525641
2098,SSP2-4.5,AHWs_duration,126.05515075376884,20.29649156784273
2099,SSP2-4.5,AHWs_duration,127.07512562814071,21.07086224089701
2100,SSP2-4.5,AHWs_duration,128.16180904522614,26.03553574418685
1981,SSP5-8.5,AHWs_duration,16.347989949748744,0
1982,SSP5-8.5,AHWs_duration,11.765075376884422,0
1983,SSP5-8.5,AHWs_duration,17.876884422110553,0
1984,SSP5-8.5,AHWs_duration,14.57286432160804,0
1985,SSP5-8.5,AHWs_duration,14.912060301507537,0
1986,SSP5-8.5,AHWs_duration,19.32035175879397,0
1987,SSP5-8.5,AHWs_duration,21.781407035175878,0
1988,SSP5-8.5,AHWs_duration,20.081658291457288,0
1989,SSP5-8.5,AHWs_duration,25.257537688442213,0
1990,SSP5-8.5,AHWs_duration,32.496231155778894,0
1991,SSP5-8.5,AHWs_duration,19.832914572864322,0
1992,SSP5-8.5,AHWs_duration,12.977386934673367,0
1993,SSP5-8.5,AHWs_duration,13.077889447236181,0
1994,SSP5-8.5,AHWs_duration,18.935929648241206,0
1995,SSP5-8.5,AHWs_duration,19.00502512562814,0
1996,SSP5-8.5,AHWs_duration,15.708542713567839,0
1997,SSP5-8.5,AHWs_duration,12.212311557788945,0
1998,SSP5-8.5,AHWs_duration,33.83040201005025,0
1999,SSP5-8.5,AHWs_duration,24.732412060301506,0
2000,SSP5-8.5,AHWs_duration,26.347989949748744,0
2001,SSP5-8.5,AHWs_duration,19.868090452261306,0
2002,SSP5-8.5,AHWs_duration,27.17713567839196,0
2003,SSP5-8.5,AHWs_duration,26.155778894472363,0
2004,SSP5-8.5,AHWs_duration,14.097989949748744,0
2005,SSP5-8.5,AHWs_duration,24.097989949748744,0
2006,SSP5-8.5,AHWs_duration,28.477386934673365,0
2007,SSP5-8.5,AHWs_duration,30.368090452261306,0
2008,SSP5-8.5,AHWs_duration,13.638190954773869,0
2009,SSP5-8.5,AHWs_duration,13.859296482412061,0
2010,SSP5-8.5,AHWs_duration,21.804020100502512,0
2011,SSP5-8.5,AHWs_duration,28.800251256281406,0
2012,SSP5-8.5,AHWs_duration,36.85050251256281,0
2013,SSP5-8.5,AHWs_duration,16.526381909547737,0
2014,SSP5-8.5,AHWs_duration,14.17964824120603,0
2015,SSP5-8.5,AHWs_duration,35.26130653266332,0
2016,SSP5-8.5,AHWs_duration,28.79145728643216,0
2017,SSP5-8.5,AHWs_duration,26.797738693467338,0
2018,SSP5-8.5,AHWs_duration,26.824120603015075,0
2019,SSP5-8.5,AHWs_duration,22.030025125628143,0.03291577158429433
2020,SSP5-8.5,AHWs_duration,57.19359296482412,17.060261741744345
2021,SSP5-8.5,AHWs_duration,51.21381909547738,12.399661105873685
2022,SSP5-8.5,AHWs_duration,53.44547738693467,11.623404269183734
2023,SSP5-8.5,AHWs_duration,59.563693467336684,16.554381717684954
2024,SSP5-8.5,AHWs_duration,63.81922110552764,15.320337351469755
2025,SSP5-8.5,AHWs_duration,57.51218592964824,16.481566825999824
2026,SSP5-8.5,AHWs_duration,56.46896984924623,9.684259432901582
2027,SSP5-8.5,AHWs_duration,57.505402010050254,15.504842586620901
2028,SSP5-8.5,AHWs_duration,58.64937185929648,10.771863203314103
2029,SSP5-8.5,AHWs_duration,59.855527638190956,15.382467251056642
2030,SSP5-8.5,AHWs_duration,63.927010050251255,15.22941269180213
2031,SSP5-8.5,AHWs_duration,71.44271356783919,12.752647202401644
2032,SSP5-8.5,AHWs_duration,66.49434673366834,14.74174668214898
2033,SSP5-8.5,AHWs_duration,77.9753768844221,22.462660617221967
2034,SSP5-8.5,AHWs_duration,73.76545226130654,19.95400887113078
2035,SSP5-8.5,AHWs_duration,76.57701005025126,20.492125734816092
2036,SSP5-8.5,AHWs_duration,69.39195979899498,19.205145030473584
2037,SSP5-8.5,AHWs_duration,81.85866834170854,24.600532686201383
2038,SSP5-8.5,AHWs_duration,79.77989949748743,23.28990294749106
2039,SSP5-8.5,AHWs_duration,72.01457286432161,18.22700340677469
2040,SSP5-8.5,AHWs_duration,85.5536432160804,17.95454830555671
2041,SSP5-8.5,AHWs_duration,86.66834170854271,26.07824000295023
2042,SSP5-8.5,AHWs_duration,87.70389447236181,28.008479427506224
2043,SSP5-8.5,AHWs_duration,90.22449748743719,15.078111634802914
2044,SSP5-8.5,AHWs_duration,91.36532663316584,15.731288828585487
2045,SSP5-8.5,AHWs_duration,91.13304020100502,16.7943384920889
2046,SSP5-8.5,AHWs_duration,97.08266331658291,14.748498803750095
2047,SSP5-8.5,AHWs_duration,91.77989949748743,18.580748489061936
2048,SSP5-8.5,AHWs_duration,107.00603015075377,28.19805880402308
2049,SSP5-8.5,AHWs_duration,95.69899497487437,24.397747590664807
2050,SSP5-8.5,AHWs_duration,110.01721105527638,26.391229043388076
2051,SSP5-8.5,AHWs_duration,102.99497487437186,20.6505914176407
2052,SSP5-8.5,AHWs_duration,107.02587939698492,23.690838473289325
2053,SSP5-8.5,AHWs_duration,111.56532663316582,24.16625786852813
2054,SSP5-8.5,AHWs_duration,117.23844221105527,22.089587992235746
2055,SSP5-8.5,AHWs_duration,114.70339195979899,21.085532070917587
2056,SSP5-8.5,AHWs_duration,115.49133165829146,22.138132863267288
2057,SSP5-8.5,AHWs_duration,115.63718592964824,29.732893107034347
2058,SSP5-8.5,AHWs_duration,126.97776381909547,31.69218726151572
2059,SSP5-8.5,AHWs_duration,124.40301507537689,22.79764265873079
2060,SSP5-8.5,AHWs_duration,125.02298994974875,24.575129769441588
2061,SSP5-8.5,AHWs_duration,125.72939698492462,24.734554347526416
2062,SSP5-8.5,AHWs_duration,139.75226130653266,26.085603324255015
2063,SSP5-8.5,AHWs_duration,132.89032663316584,22.521890867473424
2064,SSP5-8.5,AHWs_duration,134.98304020100502,27.101710729065303
2065,SSP5-8.5,AHWs_duration,140.50138190954775,35.07792527229449
2066,SSP5-8.5,AHWs_duration,143.27361809045226,18.54585305911433
2067,SSP5-8.5,AHWs_duration,148.01243718592966,20.28500258425697
2068,SSP5-8.5,AHWs_duration,153.15917085427137,26.948449452311085
2069,SSP5-8.5,AHWs_duration,144.8787688442211,29.801178866191297
2070,SSP5-8.5,AHWs_duration,146.64874371859295,27.387645639888778
2071,SSP5-8.5,AHWs_duration,152.07361809045227,22.495581097403903
2072,SSP5-8.5,AHWs_duration,164.76557788944723,38.810761555200564
2073,SSP5-8.5,AHWs_duration,158.8321608040201,31.662969534520066
2074,SSP5-8.5,AHWs_duration,156.53442211055275,28.448740317869863
2075,SSP5-8.5,AHWs_duration,168.54547738693466,33.37987900579258
2076,SSP5-8.5,AHWs_duration,171.3829145728643,35.93990066502161
2077,SSP5-8.5,AHWs_duration,178.7040201005025,39.99880590011425
2078,SSP5-8.5,AHWs_duration,169.88391959798994,31.252501489234632
2079,SSP5-8.5,AHWs_duration,174.29195979899498,38.94150760428496
2080,SSP5-8.5,AHWs_duration,182.49396984924624,33.92953648742283
2081,SSP5-8.5,AHWs_duration,183.97650753768843,34.30052377872364
2082,SSP5-8.5,AHWs_duration,180.74484924623115,31.7309491341552
2083,SSP5-8.5,AHWs_duration,190.7505025125628,32.885686935459326
2084,SSP5-8.5,AHWs_duration,195.02989949748743,25.971878243758155
2085,SSP5-8.5,AHWs_duration,187.80502512562813,40.286742719046345
2086,SSP5-8.5,AHWs_duration,190.5246231155779,31.961144971420286
2087,SSP5-8.5,AHWs_duration,191.4889447236181,33.50383249813865
2088,SSP5-8.5,AHWs_duration,201.04158291457287,41.67345108147876
2089,SSP5-8.5,AHWs_duration,207.84472361809046,31.65390584503088
2090,SSP5-8.5,AHWs_duration,210.22927135678393,27.114806772035386
2091,SSP5-8.5,AHWs_duration,205.37638190954775,33.886517160987296
2092,SSP5-8.5,AHWs_duration,209.85050251256283,40.66844694312457
2093,SSP5-8.5,AHWs_duration,219.46821608040202,37.33752281688471
2094,SSP5-8.5,AHWs_duration,217.6077889447236,30.69715680808401
2095,SSP5-8.5,AHWs_duration,211.8997487437186,36.784237167224866
2096,SSP5-8.5,AHWs_duration,218.5928391959799,32.69820448575321
2097,SSP5-8.5,AHWs_duration,225.03015075376885,37.5317845652886
2098,SSP5-8.5,AHWs_duration,223.15690954773868,39.902222680316314
2099,SSP5-8.5,AHWs_duration,221.59585427135679,36.08805223294062
2100,SSP5-8.5,AHWs_duration,225.0674623115578,31.82423595063511
1981,SSP2-4.5,RHWs_duration,11.275125628140703,0
1982,SSP2-4.5,RHWs_duration,8.836683417085426,0
1983,SSP2-4.5,RHWs_duration,11.956030150753769,0
1984,SSP2-4.5,RHWs_duration,9.366834170854272,0
1985,SSP2-4.5,RHWs_duration,12.061557788944723,0
1986,SSP2-4.5,RHWs_duration,13.732412060301508,0
1987,SSP2-4.5,RHWs_duration,16.34547738693467,0
1988,SSP2-4.5,RHWs_duration,14.658291457286433,0
1989,SSP2-4.5,RHWs_duration,11.192211055276381,0
1990,SSP2-4.5,RHWs_duration,19.486180904522612,0
1991,SSP2-4.5,RHWs_duration,14.723618090452261,0
1992,SSP2-4.5,RHWs_duration,13.579145728643216,0
1993,SSP2-4.5,RHWs_duration,5.983668341708543,0
1994,SSP2-4.5,RHWs_duration,17.123115577889447,0
1995,SSP2-4.5,RHWs_duration,14.051507537688442,0
1996,SSP2-4.5,RHWs_duration,5.569095477386934,0
1997,SSP2-4.5,RHWs_duration,6.874371859296482,0
1998,SSP2-4.5,RHWs_duration,27.84045226130653,0
1999,SSP2-4.5,RHWs_duration,13.1821608040201,0
2000,SSP2-4.5,RHWs_duration,23.752512562814072,0
2001,SSP2-4.5,RHWs_duration,18.060301507537687,0
2002,SSP2-4.5,RHWs_duration,25.47613065326633,0
2003,SSP2-4.5,RHWs_duration,26.42713567839196,0
2004,SSP2-4.5,RHWs_duration,10.728643216080402,0
2005,SSP2-4.5,RHWs_duration,16.047738693467338,0
2006,SSP2-4.5,RHWs_duration,27.41331658291457,0
2007,SSP2-4.5,RHWs_duration,37.16834170854271,0
2008,SSP2-4.5,RHWs_duration,8.032663316582914,0
2009,SSP2-4.5,RHWs_duration,10.206030150753769,0
2010,SSP2-4.5,RHWs_duration,21.87562814070352,0
2011,SSP2-4.5,RHWs_duration,25.698492462311556,0
2012,SSP2-4.5,RHWs_duration,46.814070351758794,0
2013,SSP2-4.5,RHWs_duration,15.418341708542714,0
2014,SSP2-4.5,RHWs_duration,25.405778894472363,0
2015,SSP2-4.5,RHWs_duration,40.644472361809044,0
2016,SSP2-4.5,RHWs_duration,33.914572864321606,0
2017,SSP2-4.5,RHWs_duration,36.153266331658294,0
2018,SSP2-4.5,RHWs_duration,49.58165829145729,0
2019,SSP2-4.5,RHWs_duration,24.014949748743717,0.12231749581965447
2020,SSP2-4.5,RHWs_duration,63.39070351758794,14.619320414025587
2021,SSP2-4.5,RHWs_duration,71.73831658291458,19.96423031920342
2022,SSP2-4.5,RHWs_duration,70.62185929648241,14.339204509931045
2023,SSP2-4.5,RHWs_duration,78.65288944723618,27.007086141261034
2024,SSP2-4.5,RHWs_duration,70.9502512562814,28.92808873213019
2025,SSP2-4.5,RHWs_duration,80.47424623115577,16.021265320796502
2026,SSP2-4.5,RHWs_duration,79.70854271356784,23.580859373701863
2027,SSP2-4.5,RHWs_duration,90.8782663316583,31.43707463152337
2028,SSP2-4.5,RHWs_duration,91.28391959798995,34.986582308692114
2029,SSP2-4.5,RHWs_duration,87.24057788944724,18.64409846387709
2030,SSP2-4.5,RHWs_duration,89.39786432160804,30.530145987787716
2031,SSP2-4.5,RHWs_duration,93.79384422110553,19.6411737894198
2032,SSP2-4.5,RHWs_duration,92.28819095477387,25.27882878752631
2033,SSP2-4.5,RHWs_duration,99.81557788944724,21.278352715803067
2034,SSP2-4.5,RHWs_duration,88.54660804020101,15.770269127841841
2035,SSP2-4.5,RHWs_duration,93.08957286432161,15.613049972355874
2036,SSP2-4.5,RHWs_duration,100.3459798994975,25.477977288413644
2037,SSP2-4.5,RHWs_duration,95.26708542713568,22.054652470076906
2038,SSP2-4.5,RHWs_duration,99.96608040201005,21.044768826353806
2039,SSP2-4.5,RHWs_duration,97.77286432160804,23.999353140508802
2040,SSP2-4.5,RHWs_duration,104.13643216080402,25.79552158544786
2041,SSP2-4.5,RHWs_duration,100.67361809045227,27.38950259271712
2042,SSP2-4.5,RHWs_duration,108.60025125628141,21.41456443162497
2043,SSP2-4.5,RHWs_duration,112.49246231155779,32.58777063764006
2044,SSP2-4.5,RHWs_duration,112.97085427135679,26.628800401927343
2045,SSP2-4.5,RHWs_duration,118.79773869346734,23.290869930200166
2046,SSP2-4.5,RHWs_duration,119.9748743718593,22.454436321131176
2047,SSP2-4.5,RHWs_duration,123.43366834170854,30.814878164738364
2048,SSP2-4.5,RHWs_duration,121.16846733668342,33.76414481487046
2049,SSP2-4.5,RHWs_duration,131.2360552763819,23.370366705274794
2050,SSP2-4.5,RHWs_duration,132.8036432160804,37.790960341847985
2051,SSP2-4.5,RHWs_duration,126.49824120603014,30.57302502258057
2052,SSP2-4.5,RHWs_duration,135.88643216080402,35.754643622962256
2053,SSP2-4.5,RHWs_duration,126.80075376884422,31.235670233880416
2054,SSP2-4.5,RHWs_duration,134.47198492462311,38.46412880227751
2055,SSP2-4.5,RHWs_duration,133.27650753768845,45.71236598194415
2056,SSP2-4.5,RHWs_duration,134.1675879396985,31.645671226266085
2057,SSP2-4.5,RHWs_duration,142.06143216080403,38.56400716092004
2058,SSP2-4.5,RHWs_duration,152.0248743718593,36.8105457563705
2059,SSP2-4.5,RHWs_duration,137.7146984924623,32.32803294532334
2060,SSP2-4.5,RHWs_duration,133.4680904522613,26.578390839879358
2061,SSP2-4.5,RHWs_duration,143.88417085427136,35.462296425264675
2062,SSP2-4.5,RHWs_duration,143.12324120603014,44.907230672781886
2063,SSP2-4.5,RHWs_duration,150.37663316582916,39.499420420177835
2064,SSP2-4.5,RHWs_duration,141.4035175879397,32.40372587616757
2065,SSP2-4.5,RHWs_duration,143.74183417085428,35.20400940576343
2066,SSP2-4.5,RHWs_duration,148.98781407035176,26.5961573430762
2067,SSP2-4.5,RHWs_duration,150.36783919597988,36.08880247002681
2068,SSP2-4.5,RHWs_duration,157.1329145728643,35.47548582746371
2069,SSP2-4.5,RHWs_duration,158.37336683417087,35.466421149850405
2070,SSP2-4.5,RHWs_duration,161.87964824120604,48.03133030971478
2071,SSP2-4.5,RHWs_duration,159.16608040201004,43.20108154906442
2072,SSP2-4.5,RHWs_duration,168.12311557788945,43.10225528755384
2073,SSP2-4.5,RHWs_duration,151.8713567839196,45.89736705554303
2074,SSP2-4.5,RHWs_duration,163.5821608040201,40.546408160798315
2075,SSP2-4.5,RHWs_duration,167.35,47.02469844353563
2076,SSP2-4.5,RHWs_duration,171.2930904522613,44.13707737941652
2077,SSP2-4.5,RHWs_duration,165.5138190954774,42.295797638373195
2078,SSP2-4.5,RHWs_duration,166.1027638190955,46.1159182861051
2079,SSP2-4.5,RHWs_duration,167.46369346733667,44.88282857414701
2080,SSP2-4.5,RHWs_duration,170.12738693467338,36.705437607503534
2081,SSP2-4.5,RHWs_duration,160.57952261306534,38.36333582317964
2082,SSP2-4.5,RHWs_duration,177.42600502512562,44.5579498455398
2083,SSP2-4.5,RHWs_duration,171.7537688442211,38.268317616088495
2084,SSP2-4.5,RHWs_duration,172.80816582914574,33.50838111804294
2085,SSP2-4.5,RHWs_duration,171.66256281407036,33.343908719672335
2086,SSP2-4.5,RHWs_duration,186.00841708542714,41.65719954292259
2087,SSP2-4.5,RHWs_duration,192.2038944723618,48.193840116494535
2088,SSP2-4.5,RHWs_duration,188.73655778894474,39.921152999503946
2089,SSP2-4.5,RHWs_duration,183.7184673366834,43.94194621266528
2090,SSP2-4.5,RHWs_duration,191.60062814070352,43.46031261126648
2091,SSP2-4.5,RHWs_duration,186.72964824120604,42.36897746816872
2092,SSP2-4.5,RHWs_duration,188.85427135678393,30.723826668621637
2093,SSP2-4.5,RHWs_duration,190.74472361809046,43.052617906913284
2094,SSP2-4.5,RHWs_duration,189.8396984924623,48.956823930798215
2095,SSP2-4.5,RHWs_duration,187.9643216080402,34.499161719555396
2096,SSP2-4.5,RHWs_duration,205.6756281407035,44.48332870484533
2097,SSP2-4.5,RHWs_duration,200.77060301507538,46.31147766344902
2098,SSP2-4.5,RHWs_duration,192.2956030150754,38.28268430084249
2099,SSP2-4.5,RHWs_duration,190.81143216080403,38.22868666138787
2100,SSP2-4.5,RHWs_duration,189.14158291457287,41.5778332001741
1981,SSP5-8.5,RHWs_duration,11.275125628140703,0
1982,SSP5-8.5,RHWs_duration,8.836683417085426,0
1983,SSP5-8.5,RHWs_duration,11.956030150753769,0
1984,SSP5-8.5,RHWs_duration,9.366834170854272,0
1985,SSP5-8.5,RHWs_duration,12.061557788944723,0
1986,SSP5-8.5,RHWs_duration,13.732412060301508,0
1987,SSP5-8.5,RHWs_duration,16.34547738693467,0
1988,SSP5-8.5,RHWs_duration,14.658291457286433,0
1989,SSP5-8.5,RHWs_duration,11.192211055276381,0
1990,SSP5-8.5,RHWs_duration,19.486180904522612,0
1991,SSP5-8.5,RHWs_duration,14.723618090452261,0
1992,SSP5-8.5,RHWs_duration,13.579145728643216,0
1993,SSP5-8.5,RHWs_duration,5.983668341708543,0
1994,SSP5-8.5,RHWs_duration,17.123115577889447,0
1995,SSP5-8.5,RHWs_duration,14.051507537688442,0
1996,SSP5-8.5,RHWs_duration,5.569095477386934,0
1997,SSP5-8.5,RHWs_duration,6.874371859296482,0
1998,SSP5-8.5,RHWs_duration,27.84045226130653,0
1999,SSP5-8.5,RHWs_duration,13.1821608040201,0
2000,SSP5-8.5,RHWs_duration,23.752512562814072,0
2001,SSP5-8.5,RHWs_duration,18.060301507537687,0
2002,SSP5-8.5,RHWs_duration,25.47613065326633,0
2003,SSP5-8.5,RHWs_duration,26.42713567839196,0
2004,SSP5-8.5,RHWs_duration,10.728643216080402,0
2005,SSP5-8.5,RHWs_duration,16.047738693467338,0
2006,SSP5-8.5,RHWs_duration,27.41331658291457,0
2007,SSP5-8.5,RHWs_duration,37.16834170854271,0
2008,SSP5-8.5,RHWs_duration,8.032663316582914,0
2009,SSP5-8.5,RHWs_duration,10.206030150753769,0
2010,SSP5-8.5,RHWs_duration,21.87562814070352,0
2011,SSP5-8.5,RHWs_duration,25.698492462311556,0
2012,SSP5-8.5,RHWs_duration,46.814070351758794,0
2013,SSP5-8.5,RHWs_duration,15.418341708542714,0
2014,SSP5-8.5,RHWs_duration,25.405778894472363,0
2015,SSP5-8.5,RHWs_duration,40.644472361809044,0
2016,SSP5-8.5,RHWs_duration,33.914572864321606,0
2017,SSP5-8.5,RHWs_duration,36.153266331658294,0
2018,SSP5-8.5,RHWs_duration,49.58165829145729,0
2019,SSP5-8.5,RHWs_duration,24.070100502512563,0.11145531533299281
2020,SSP5-8.5,RHWs_duration,74.86092964824121,28.287538120156295
2021,SSP5-8.5,RHWs_duration,65.75791457286432,25.944177034112087
2022,SSP5-8.5,RHWs_duration,64.96507537688443,18.813293110569465
2023,SSP5-8.5,RHWs_duration,74.4286432160804,28.962929713139232
2024,SSP5-8.5,RHWs_duration,81.50125628140704,24.91017558003346
2025,SSP5-8.5,RHWs_duration,79.64560301507538,27.082637846012904
2026,SSP5-8.5,RHWs_duration,77.300376884422107,19.157425991243173
2027,SSP5-8.5,RHWs_duration,79.12361809045227,23.35463316302658
2028,SSP5-8.5,RHWs_duration,79.51080402010051,20.004515192265316
2029,SSP5-8.5,RHWs_duration,81.88781407035177,30.03602300115548
2030,SSP5-8.5,RHWs_duration,87.64836683417086,35.21473181174237
2031,SSP5-8.5,RHWs_duration,92.26105527638191,26.103517829783424
2032,SSP5-8.5,RHWs_duration,93.90590452261307,27.01882302576593
2033,SSP5-8.5,RHWs_duration,103.92273869346734,36.44622578638278
2034,SSP5-8.5,RHWs_duration,99.31909547738694,32.390750361945514
2035,SSP5-8.5,RHWs_duration,107.7860552763819,37.21179915146692
2036,SSP5-8.5,RHWs_duration,95.04396984924624,28.145544703144424
2037,SSP5-8.5,RHWs_duration,116.55917085427136,39.05170490673809
2038,SSP5-8.5,RHWs_duration,112.88128140703517,38.69195589152184
2039,SSP5-8.5,RHWs_duration,103.9819095477387,35.22014986612074
2040,SSP5-8.5,RHWs_duration,121.44874371859297,34.74297117925388
2041,SSP5-8.5,RHWs_duration,121.65025125628141,41.17898874165083
2042,SSP5-8.5,RHWs_duration,125.48844221105527,47.04729515795521
2043,SSP5-8.5,RHWs_duration,135.7853015075377,32.09736383585272
2044,SSP5-8.5,RHWs_duration,136.9145728643216,36.25874323018253
2045,SSP5-8.5,RHWs_duration,137.83165829145727,38.24294267182376
2046,SSP5-8.5,RHWs_duration,138.8285175879397,31.582537022814993
2047,SSP5-8.5,RHWs_duration,133.59484924623115,37.49195583128296
2048,SSP5-8.5,RHWs_duration,153.20552763819097,45.33196509547862
2049,SSP5-8.5,RHWs_duration,142.94422110552765,45.051985764253416
2050,SSP5-8.5,RHWs_duration,157.89422110552763,43.74331869822033
2051,SSP5-8.5,RHWs_duration,150.59158291457285,32.09030248712111
2052,SSP5-8.5,RHWs_duration,154.69120603015077,36.886697483491325
2053,SSP5-8.5,RHWs_duration,167.11532663316584,42.511685668155074
2054,SSP5-8.5,RHWs_duration,170.7788944723618,38.47326823756429
2055,SSP5-8.5,RHWs_duration,169.5643216080402,33.56515896775093
2056,SSP5-8.5,RHWs_duration,171.93278894472363,40.50135799588385
2057,SSP5-8.5,RHWs_duration,178.62638190954775,44.32406372884544
2058,SSP5-8.5,RHWs_duration,189.57424623115577,46.868459103419916
2059,SSP5-8.5,RHWs_duration,185.97562814070352,41.07993797549607
2060,SSP5-8.5,RHWs_duration,189.6071608040201,42.059389688196106
2061,SSP5-8.5,RHWs_duration,191.23869346733667,40.47551265744771
2062,SSP5-8.5,RHWs_duration,205.24748743718592,37.955814736530556
2063,SSP5-8.5,RHWs_duration,197.421608040201,40.81630212446589
2064,SSP5-8.5,RHWs_duration,201.47989949748742,45.680258052389945
2065,SSP5-8.5,RHWs_duration,214.92613065326634,52.969683247827405
2066,SSP5-8.5,RHWs_duration,216.87035175879396,31.707206506699283
2067,SSP5-8.5,RHWs_duration,222.43354271356785,39.78575680345608
2068,SSP5-8.5,RHWs_duration,222.83680904522612,41.44704741631105
2069,SSP5-8.5,RHWs_duration,215.33530150753768,41.563685994510784
2070,SSP5-8.5,RHWs_duration,218.04158291457287,41.83608684873265
2071,SSP5-8.5,RHWs_duration,219.05188442211056,32.210965479819414
2072,SSP5-8.5,RHWs_duration,239.6212311557789,48.00277905828871
2073,SSP5-8.5,RHWs_duration,230.24773869346734,48.84064413911573
2074,SSP5-8.5,RHWs_duration,232.30904522613065,46.31396181649677
2075,SSP5-8.5,RHWs_duration,242.12801507537688,44.23631188572238
2076,SSP5-8.5,RHWs_duration,246.54396984924625,44.10633464167988
2077,SSP5-8.5,RHWs_duration,250.4541457286432,49.97462427159628
2078,SSP5-8.5,RHWs_duration,246.32788944723617,43.26152603842534
2079,SSP5-8.5,RHWs_duration,249.79032663316582,46.92893991608008
2080,SSP5-8.5,RHWs_duration,261.9606783919598,42.891195165085485
2081,SSP5-8.5,RHWs_duration,265.0565326633166,37.31596008071528
2082,SSP5-8.5,RHWs_duration,260.28077889447235,41.5711640597958
2083,SSP5-8.5,RHWs_duration,270.69886934673366,40.197004743850464
2084,SSP5-8.5,RHWs_duration,273.85929648241205,32.00408827097583
2085,SSP5-8.5,RHWs_duration,264.6424623115578,47.6562864620455
2086,SSP5-8.5,RHWs_duration,269.1659547738693,42.27284230628727
2087,SSP5-8.5,RHWs_duration,269.3494974874372,35.50643965555701
2088,SSP5-8.5,RHWs_duration,276.36168341708543,41.92676265989106
2089,SSP5-8.5,RHWs_duration,285.78040201005024,34.25463252703027
2090,SSP5-8.5,RHWs_duration,290.74359296482413,29.52373464377607
2091,SSP5-8.5,RHWs_duration,284.6704773869347,37.03241696498015
2092,SSP5-8.5,RHWs_duration,282.6469849246231,41.010045994892764
2093,SSP5-8.5,RHWs_duration,291.11218592964826,33.790332471533624
2094,SSP5-8.5,RHWs_duration,296.5958542713568,33.00748604406648
2095,SSP5-8.5,RHWs_duration,291.28178391959796,36.34418803769338
2096,SSP5-8.5,RHWs_duration,293.968216080402,35.074933241721055
2097,SSP5-8.5,RHWs_duration,296.0195979899498,36.851821531755085
2098,SSP5-8.5,RHWs_duration,300.06319095477386,31.301493636958813
2099,SSP5-8.5,RHWs_duration,299.28366834170856,36.152967101633045
2100,SSP5-8.5,RHWs_duration,303.0957286432161,27.938374766417116
1981,SSP2-4.5,Compound_AHWs_duration,5.658291457286432,0
1982,SSP2-4.5,Compound_AHWs_duration,5.581658291457287,0
1983,SSP2-4.5,Compound_AHWs_duration,8.152010050251256,0
1984,SSP2-4.5,Compound_AHWs_duration,6.272613065326633,0
1985,SSP2-4.5,Compound_AHWs_duration,7.293969849246231,0
1986,SSP2-4.5,Compound_AHWs_duration,8.853015075376884,0
1987,SSP2-4.5,Compound_AHWs_duration,10.396984924623116,0
1988,SSP2-4.5,Compound_AHWs_duration,11.158291457286433,0
1989,SSP2-4.5,Compound_AHWs_duration,8.287688442211055,0
1990,SSP2-4.5,Compound_AHWs_duration,13.272613065326633,0
1991,SSP2-4.5,Compound_AHWs_duration,8.603015075376884,0
1992,SSP2-4.5,Compound_AHWs_duration,6.7701005025125625,0
1993,SSP2-4.5,Compound_AHWs_duration,5.155778894472362,0
1994,SSP2-4.5,Compound_AHWs_duration,7.714824120603015,0
1995,SSP2-4.5,Compound_AHWs_duration,7.690954773869347,0
1996,SSP2-4.5,Compound_AHWs_duration,4.585427135678392,0
1997,SSP2-4.5,Compound_AHWs_duration,4.2537688442211055,0
1998,SSP2-4.5,Compound_AHWs_duration,21.87060301507538,0
1999,SSP2-4.5,Compound_AHWs_duration,9.359296482412061,0
2000,SSP2-4.5,Compound_AHWs_duration,14.35175879396985,0
2001,SSP2-4.5,Compound_AHWs_duration,10.25,0
2002,SSP2-4.5,Compound_AHWs_duration,15.951005025125628,0
2003,SSP2-4.5,Compound_AHWs_duration,15.091708542713567,0
2004,SSP2-4.5,Compound_AHWs_duration,5.385678391959799,0
2005,SSP2-4.5,Compound_AHWs_duration,9.483668341708542,0
2006,SSP2-4.5,Compound_AHWs_duration,14.095477386934673,0
2007,SSP2-4.5,Compound_AHWs_duration,19.22613065326633,0
2008,SSP2-4.5,Compound_AHWs_duration,4.678391959798995,0
2009,SSP2-4.5,Compound_AHWs_duration,5.658291457286432,0
2010,SSP2-4.5,Compound_AHWs_duration,11.692211055276381,0
2011,SSP2-4.5,Compound_AHWs_duration,17.14321608040201,0
2012,SSP2-4.5,Compound_AHWs_duration,26.07788944723618,0
2013,SSP2-4.5,Compound_AHWs_duration,8.422110552763819,0
2014,SSP2-4.5,Compound_AHWs_duration,8.116834170854272,0
2015,SSP2-4.5,Compound_AHWs_duration,25.157035175879397,0
2016,SSP2-4.5,Compound_AHWs_duration,17.684673366834172,0
2017,SSP2-4.5,Compound_AHWs_duration,16.099246231155778,0
2018,SSP2-4.5,Compound_AHWs_duration,20.430904522613066,0
2019,SSP2-4.5,Compound_AHWs_duration,13.107286432160803,0.12084512967023554
2020,SSP2-4.5,Compound_AHWs_duration,35.654396984924624,9.933697849311459
2021,SSP2-4.5,Compound_AHWs_duration,40.1787688442211,13.369156071359827
2022,SSP2-4.5,Compound_AHWs_duration,36.688442211055275,8.437558952429926
2023,SSP2-4.5,Compound_AHWs_duration,44.23806532663316,16.31803750956458
2024,SSP2-4.5,Compound_AHWs_duration,39.89623115577889,12.849234208777832
2025,SSP2-4.5,Compound_AHWs_duration,43.674874371859296,7.368517935394347
2026,SSP2-4.5,Compound_AHWs_duration,43.62650753768844,13.256989606641291
2027,SSP2-4.5,Compound_AHWs_duration,53.606658291457286,22.56591540650427
2028,SSP2-4.5,Compound_AHWs_duration,52.402135678391964,21.05704978866947
2029,SSP2-4.5,Compound_AHWs_duration,52.698869346733666,8.198087039728037
2030,SSP2-4.5,Compound_AHWs_duration,52.70213567839196,18.787415371858998
2031,SSP2-4.5,Compound_AHWs_duration,52.924497487437186,15.315237963102067
2032,SSP2-4.5,Compound_AHWs_duration,50.323618090452264,17.140237757174354
2033,SSP2-4.5,Compound_AHWs_duration,57.15979899497488,11.542159628517513
2034,SSP2-4.5,Compound_AHWs_duration,48.32751256281407,9.419080535407723
2035,SSP2-4.5,Compound_AHWs_duration,50.549874371859296,7.260996608163998
2036,SSP2-4.5,Compound_AHWs_duration,55.63680904522613,15.813770404742307
2037,SSP2-4.5,Compound_AHWs_duration,51.16683417085427,12.060414517372536
2038,SSP2-4.5,Compound_AHWs_duration,57.46482412060302,16.343448015505462
2039,SSP2-4.5,Compound_AHWs_duration,54.79572864321608,14.11354290677859
2040,SSP2-4.5,Compound_AHWs_duration,57.33806532663316,12.163223632397534
2041,SSP2-4.5,Compound_AHWs_duration,56.93467336683417,18.181783325427837
2042,SSP2-4.5,Compound_AHWs_duration,62.46206030150754,12.7821674097872
2043,SSP2-4.5,Compound_AHWs_duration,64.04861809045227,18.36717236737419
2044,SSP2-4.5,Compound_AHWs_duration,66.98304020100502,14.110552319221636
2045,SSP2-4.5,Compound_AHWs_duration,68.08605527638191,11.778649179389118
2046,SSP2-4.5,Compound_AHWs_duration,69.8355527638191,13.910375069911542
2047,SSP2-4.5,Compound_AHWs_duration,72.65791457286431,17.626879184693987
2048,SSP2-4.5,Compound_AHWs_duration,72.4786432160804,22.327044577940985
2049,SSP2-4.5,Compound_AHWs_duration,77.58027638190954,12.381794045406304
2050,SSP2-4.5,Compound_AHWs_duration,79.50113065326633,22.915491904245258
2051,SSP2-4.5,Compound_AHWs_duration,75.9395728643216,16.41794943385627
2052,SSP2-4.5,Compound_AHWs_duration,79.24020100502513,21.29103861919857
2053,SSP2-4.5,Compound_AHWs_duration,72.096608040201,17.601833120284336
2054,SSP2-4.5,Compound_AHWs_duration,78.86595477386935,25.841803102909246
2055,SSP2-4.5,Compound_AHWs_duration,74.4252512562814,27.39459415417802
2056,SSP2-4.5,Compound_AHWs_duration,79.6179648241206,16.51825496932899
2057,SSP2-4.5,Compound_AHWs_duration,88.29396984924622,27.109015347309818
2058,SSP2-4.5,Compound_AHWs_duration,92.23831658291458,23.662049936766792
2059,SSP2-4.5,Compound_AHWs_duration,79.98618090452261,19.34017714228994
2060,SSP2-4.5,Compound_AHWs_duration,77.79924623115578,17.406506287516315
2061,SSP2-4.5,Compound_AHWs_duration,86.40766331658291,25.73266551258519
2062,SSP2-4.5,Compound_AHWs_duration,89.15037688442212,30.406153794032797
2063,SSP2-4.5,Compound_AHWs_duration,86.80703517587939,23.961555677292704
2064,SSP2-4.5,Compound_AHWs_duration,84.42876884422111,20.51586464222888
2065,SSP2-4.5,Compound_AHWs_duration,88.11030150753768,21.11523641403251
2066,SSP2-4.5,Compound_AHWs_duration,87.26407035175879,15.482922095627726
2067,SSP2-4.5,Compound_AHWs_duration,90.446608040201,23.12688618448038
2068,SSP2-4.5,Compound_AHWs_duration,91.24723618090452,17.838346906327843
2069,SSP2-4.5,Compound_AHWs_duration,98.86494974874373,22.588689089711956
2070,SSP2-4.5,Compound_AHWs_duration,102.3819095477387,33.377876689041834
2071,SSP2-4.5,Compound_AHWs_duration,95.29949748743718,26.342703963954076
2072,SSP2-4.5,Compound_AHWs_duration,101.07097989949749,27.871388513987945
2073,SSP2-4.5,Compound_AHWs_duration,89.53655778894472,29.071661635827578
2074,SSP2-4.5,Compound_AHWs_duration,101.8605527638191,27.07747470916255
2075,SSP2-4.5,Compound_AHWs_duration,103.94798994974875,30.359352549753446
2076,SSP2-4.5,Compound_AHWs_duration,102.50464824120603,29.224347391268974
2077,SSP2-4.5,Compound_AHWs_duration,98.9430904522613,26.31563475556294
2078,SSP2-4.5,Compound_AHWs_duration,97.2781407035176,28.43836275726381
2079,SSP2-4.5,Compound_AHWs_duration,100.37022613065326,26.426871031737612
2080,SSP2-4.5,Compound_AHWs_duration,99.65690954773869,24.41853257990434
2081,SSP2-4.5,Compound_AHWs_duration,98.36658291457286,21.795192363312236
2082,SSP2-4.5,Compound_AHWs_duration,106.59321608040202,29.811754800535734
2083,SSP2-4.5,Compound_AHWs_duration,105.35062814070352,22.27946018462192
2084,SSP2-4.5,Compound_AHWs_duration,106.07512562814071,19.40556956027932
2085,SSP2-4.5,Compound_AHWs_duration,100.35427135678393,19.4142038291671
2086,SSP2-4.5,Compound_AHWs_duration,115.90917085427135,27.950848770418734
2087,SSP2-4.5,Compound_AHWs_duration,120.53429648241206,32.8486067746688
2088,SSP2-4.5,Compound_AHWs_duration,113.1819095477387,28.410920586555115
2089,SSP2-4.5,Compound_AHWs_duration,115.35251256281407,30.600652020928525
2090,SSP2-4.5,Compound_AHWs_duration,115.6785175879397,25.495456393499516
2091,SSP2-4.5,Compound_AHWs_duration,116.44974874371859,19.771292006055077
2092,SSP2-4.5,Compound_AHWs_duration,114.49849246231156,22.370326717530396
2093,SSP2-4.5,Compound_AHWs_duration,119.04371859296482,23.979519146850688
2094,SSP2-4.5,Compound_AHWs_duration,119.45515075376885,35.47887228307077
2095,SSP2-4.5,Compound_AHWs_duration,115.89698492462311,23.046232606219313
2096,SSP2-4.5,Compound_AHWs_duration,133.39874371859295,30.893645812400173
2097,SSP2-4.5,Compound_AHWs_duration,125.57788944723617,31.127156232416976
2098,SSP2-4.5,Compound_AHWs_duration,116.48844221105527,23.276824402803154
2099,SSP2-4.5,Compound_AHWs_duration,116.53103015075376,24.364977529488915
2100,SSP2-4.5,Compound_AHWs_duration,118.58781407035175,28.278328065436174
1981,SSP5-8.5,Compound_AHWs_duration,5.658291457286432,0
1982,SSP5-8.5,Compound_AHWs_duration,5.581658291457287,0
1983,SSP5-8.5,Compound_AHWs_duration,8.152010050251256,0
1984,SSP5-8.5,Compound_AHWs_duration,6.272613065326633,0
1985,SSP5-8.5,Compound_AHWs_duration,7.293969849246231,0
1986,SSP5-8.5,Compound_AHWs_duration,8.853015075376884,0
1987,SSP5-8.5,Compound_AHWs_duration,10.396984924623116,0
1988,SSP5-8.5,Compound_AHWs_duration,11.158291457286433,0
1989,SSP5-8.5,Compound_AHWs_duration,8.287688442211055,0
1990,SSP5-8.5,Compound_AHWs_duration,13.272613065326633,0
1991,SSP5-8.5,Compound_AHWs_duration,8.603015075376884,0
1992,SSP5-8.5,Compound_AHWs_duration,6.7701005025125625,0
1993,SSP5-8.5,Compound_AHWs_duration,5.155778894472362,0
1994,SSP5-8.5,Compound_AHWs_duration,7.714824120603015,0
1995,SSP5-8.5,Compound_AHWs_duration,7.690954773869347,0
1996,SSP5-8.5,Compound_AHWs_duration,4.585427135678392,0
1997,SSP5-8.5,Compound_AHWs_duration,4.2537688442211055,0
1998,SSP5-8.5,Compound_AHWs_duration,21.87060301507538,0
1999,SSP5-8.5,Compound_AHWs_duration,9.359296482412061,0
2000,SSP5-8.5,Compound_AHWs_duration,14.35175879396985,0
2001,SSP5-8.5,Compound_AHWs_duration,10.25,0
2002,SSP5-8.5,Compound_AHWs_duration,15.951005025125628,0
2003,SSP5-8.5,Compound_AHWs_duration,15.091708542713567,0
2004,SSP5-8.5,Compound_AHWs_duration,5.385678391959799,0
2005,SSP5-8.5,Compound_AHWs_duration,9.483668341708542,0
2006,SSP5-8.5,Compound_AHWs_duration,14.095477386934673,0
2007,SSP5-8.5,Compound_AHWs_duration,19.22613065326633,0
2008,SSP5-8.5,Compound_AHWs_duration,4.678391959798995,0
2009,SSP5-8.5,Compound_AHWs_duration,5.658291457286432,0
2010,SSP5-8.5,Compound_AHWs_duration,11.692211055276381,0
2011,SSP5-8.5,Compound_AHWs_duration,17.14321608040201,0
2012,SSP5-8.5,Compound_AHWs_duration,26.07788944723618,0
2013,SSP5-8.5,Compound_AHWs_duration,8.422110552763819,0
2014,SSP5-8.5,Compound_AHWs_duration,8.116834170854272,0
2015,SSP5-8.5,Compound_AHWs_duration,25.157035175879397,0
2016,SSP5-8.5,Compound_AHWs_duration,17.684673366834172,0
2017,SSP5-8.5,Compound_AHWs_duration,16.099246231155778,0
2018,SSP5-8.5,Compound_AHWs_duration,20.430904522613066,0
2019,SSP5-8.5,Compound_AHWs_duration,13.204396984924623,0.1503586215783868
2020,SSP5-8.5,Compound_AHWs_duration,41.62437185929648,16.160110306228326
2021,SSP5-8.5,Compound_AHWs_duration,35.29484924623115,13.460610699599652
2022,SSP5-8.5,Compound_AHWs_duration,36.174497487437186,10.477239892229454
2023,SSP5-8.5,Compound_AHWs_duration,41.992713567839196,16.678924496896446
2024,SSP5-8.5,Compound_AHWs_duration,47.96809045226131,17.510463726820163
2025,SSP5-8.5,Compound_AHWs_duration,42.5678391959799,16.432746645235767
2026,SSP5-8.5,Compound_AHWs_duration,41.65904522613065,9.846587510343292
2027,SSP5-8.5,Compound_AHWs_duration,43.14974874371859,14.363413305664805
2028,SSP5-8.5,Compound_AHWs_duration,43.68856783919598,10.605329111280412
2029,SSP5-8.5,Compound_AHWs_duration,46.24773869346734,16.363916641788343
2030,SSP5-8.5,Compound_AHWs_duration,49.74133165829146,17.38102174242967
2031,SSP5-8.5,Compound_AHWs_duration,55.949371859296484,15.39288066560647
2032,SSP5-8.5,Compound_AHWs_duration,51.462311557788944,14.260041707079234
2033,SSP5-8.5,Compound_AHWs_duration,62.1821608040201,23.56001432417175
2034,SSP5-8.5,Compound_AHWs_duration,59.29786432160804,20.32778026629839
2035,SSP5-8.5,Compound_AHWs_duration,61.685929648241206,21.250871721841392
2036,SSP5-8.5,Compound_AHWs_duration,54.461306532663315,18.86700647419031
2037,SSP5-8.5,Compound_AHWs_duration,66.87298994974874,24.372020374862718
2038,SSP5-8.5,Compound_AHWs_duration,65.84610552763819,25.451289252633583
2039,SSP5-8.5,Compound_AHWs_duration,58.69711055276382,19.87455829510926
2040,SSP5-8.5,Compound_AHWs_duration,72.521608040201,20.181351339049492
2041,SSP5-8.5,Compound_AHWs_duration,72.4679648241206,29.73232205108195
2042,SSP5-8.5,Compound_AHWs_duration,75.05766331658292,30.146366307920076
2043,SSP5-8.5,Compound_AHWs_duration,78.0111809045226,16.695844065999168
2044,SSP5-8.5,Compound_AHWs_duration,78.97726130653267,18.41393584586544
2045,SSP5-8.5,Compound_AHWs_duration,77.83718592964824,19.302066144732272
2046,SSP5-8.5,Compound_AHWs_duration,84.0175879396985,17.59467845598337
2047,SSP5-8.5,Compound_AHWs_duration,78.92952261306533,20.3825717596606
2048,SSP5-8.5,Compound_AHWs_duration,94.61419597989949,30.818737110687618
2049,SSP5-8.5,Compound_AHWs_duration,83.94020100502513,26.48706662203166
2050,SSP5-8.5,Compound_AHWs_duration,98.47613065326634,29.297117576098174
2051,SSP5-8.5,Compound_AHWs_duration,90.65866834170855,23.29713943072258
2052,SSP5-8.5,Compound_AHWs_duration,95.98467336683417,25.61960781315527
2053,SSP5-8.5,Compound_AHWs_duration,100.82010050251256,27.995555888909443
2054,SSP5-8.5,Compound_AHWs_duration,106.2785175879397,24.79623669860809
2055,SSP5-8.5,Compound_AHWs_duration,103.70464824120603,22.78283409297386
2056,SSP5-8.5,Compound_AHWs_duration,105.65050251256281,23.278338242886207
2057,SSP5-8.5,Compound_AHWs_duration,106.18894472361809,31.211021984198933
2058,SSP5-8.5,Compound_AHWs_duration,117.34321608040202,34.22388204042052
2059,SSP5-8.5,Compound_AHWs_duration,114.02273869346733,24.835003402878453
2060,SSP5-8.5,Compound_AHWs_duration,115.96394472361808,27.09510432709429
2061,SSP5-8.5,Compound_AHWs_duration,116.04133165829145,27.184663052830953
2062,SSP5-8.5,Compound_AHWs_duration,131.05414572864322,28.24194887751582
2063,SSP5-8.5,Compound_AHWs_duration,124.20778894472362,24.70772982327339
2064,SSP5-8.5,Compound_AHWs_duration,127.07047738693467,30.371578115176327
2065,SSP5-8.5,Compound_AHWs_duration,132.97625628140705,38.39795035286852
2066,SSP5-8.5,Compound_AHWs_duration,135.3606783919598,20.31380777753623
2067,SSP5-8.5,Compound_AHWs_duration,140.67211055276383,22.30276982699707
2068,SSP5-8.5,Compound_AHWs_duration,145.93718592964825,28.772014939050376
2069,SSP5-8.5,Compound_AHWs_duration,137.7961055276382,31.56925101138108
2070,SSP5-8.5,Compound_AHWs_duration,138.85841708542713,30.027734711653856
2071,SSP5-8.5,Compound_AHWs_duration,145.01218592964824,24.209785109772497
2072,SSP5-8.5,Compound_AHWs_duration,158.47989949748742,41.17620813848357
2073,SSP5-8.5,Compound_AHWs_duration,151.64736180904524,34.66619781528595
2074,SSP5-8.5,Compound_AHWs_duration,150.58278894472363,31.197933810457556
2075,SSP5-8.5,Compound_AHWs_duration,162.0111809045226,35.885321826387376
2076,SSP5-8.5,Compound_AHWs_duration,164.9282663316583,38.297782559030615
2077,SSP5-8.5,Compound_AHWs_duration,173.34070351758794,42.33465232218426
2078,SSP5-8.5,Compound_AHWs_duration,164.1146984924623,33.277119663392064
2079,SSP5-8.5,Compound_AHWs_duration,168.3177135678392,41.11639695331278
2080,SSP5-8.5,Compound_AHWs_duration,177.52638190954775,36.153579689088104
2081,SSP5-8.5,Compound_AHWs_duration,179.75829145728645,36.31128691290465
2082,SSP5-8.5,Compound_AHWs_duration,175.83844221105528,33.5628621481447
2083,SSP5-8.5,Compound_AHWs_duration,186.17374371859296,34.90504186547757
2084,SSP5-8.5,Compound_AHWs_duration,190.4865577889447,28.106455189210063
2085,SSP5-8.5,Compound_AHWs_duration,182.6144472361809,43.085412082167316
2086,SSP5-8.5,Compound_AHWs_duration,185.54761306532663,34.405038826122244
2087,SSP5-8.5,Compound_AHWs_duration,187.39459798994974,35.39488473063512
2088,SSP5-8.5,Compound_AHWs_duration,196.98304020100502,43.67168579455694
2089,SSP5-8.5,Compound_AHWs_duration,204.34233668341707,33.278491199555624
2090,SSP5-8.5,Compound_AHWs_duration,207.11030150753768,28.13059435591793
2091,SSP5-8.5,Compound_AHWs_duration,201.06532663316582,36.13923833572277
2092,SSP5-8.5,Compound_AHWs_duration,205.64082914572865,42.731535654963935
2093,SSP5-8.5,Compound_AHWs_duration,216.43366834170854,38.251435579179045
2094,SSP5-8.5,Compound_AHWs_duration,214.50263819095477,32.362148739058405
2095,SSP5-8.5,Compound_AHWs_duration,208.5213567839196,38.716119609318945
2096,SSP5-8.5,Compound_AHWs_duration,215.40829145728642,34.09077170509792
2097,SSP5-8.5,Compound_AHWs_duration,221.69183417085426,39.36263852242773
2098,SSP5-8.5,Compound_AHWs_duration,220.41092964824122,41.35698635690668
2099,SSP5-8.5,Compound_AHWs_duration,219.0850502512563,37.246358932234855
2100,SSP5-8.5,Compound_AHWs_duration,221.77374371859298,33.4528325985494
1981,SSP2-4.5,Compound_RHWs_duration,8.832914572864322,0
1982,SSP2-4.5,Compound_RHWs_duration,7.7123115577889445,0
1983,SSP2-4.5,Compound_RHWs_duration,10.236180904522612,0
1984,SSP2-4.5,Compound_RHWs_duration,7.791457286432161,0
1985,SSP2-4.5,Compound_RHWs_duration,10.192211055276381,0
1986,SSP2-4.5,Compound_RHWs_duration,11.155778894472363,0
1987,SSP2-4.5,Compound_RHWs_duration,13.731155778894472,0
1988,SSP2-4.5,Compound_RHWs_duration,13.226130653266331,0
1989,SSP2-4.5,Compound_RHWs_duration,9.226130653266331,0
1990,SSP2-4.5,Compound_RHWs_duration,16.865577889447238,0
1991,SSP2-4.5,Compound_RHWs_duration,12.094221105527637,0
1992,SSP2-4.5,Compound_RHWs_duration,10.56532663316583,0
1993,SSP2-4.5,Compound_RHWs_duration,5.53140703517588,0
1994,SSP2-4.5,Compound_RHWs_duration,12.704773869346734,0
1995,SSP2-4.5,Compound_RHWs_duration,10.559045226130653,0
1996,SSP2-4.5,Compound_RHWs_duration,4.761306532663316,0
1997,SSP2-4.5,Compound_RHWs_duration,5.739949748743719,0
1998,SSP2-4.5,Compound_RHWs_duration,24.10678391959799,0
1999,SSP2-4.5,Compound_RHWs_duration,10.889447236180905,0
2000,SSP2-4.5,Compound_RHWs_duration,20.008793969849247,0
2001,SSP2-4.5,Compound_RHWs_duration,15.425879396984925,0
2002,SSP2-4.5,Compound_RHWs_duration,21.53894472361809,0
2003,SSP2-4.5,Compound_RHWs_duration,23.28894472361809,0
2004,SSP2-4.5,Compound_RHWs_duration,7.6708542713567835,0
2005,SSP2-4.5,Compound_RHWs_duration,12.712311557788945,0
2006,SSP2-4.5,Compound_RHWs_duration,21.042713567839197,0
2007,SSP2-4.5,Compound_RHWs_duration,29.07537688442211,0
2008,SSP2-4.5,Compound_RHWs_duration,6.719849246231155,0
2009,SSP2-4.5,Compound_RHWs_duration,7.885678391959799,0
2010,SSP2-4.5,Compound_RHWs_duration,17.78391959798995,0
2011,SSP2-4.5,Compound_RHWs_duration,21.037688442211056,0
2012,SSP2-4.5,Compound_RHWs_duration,39.49748743718593,0
2013,SSP2-4.5,Compound_RHWs_duration,12.054020100502512,0
2014,SSP2-4.5,Compound_RHWs_duration,17.170854271356784,0
2015,SSP2-4.5,Compound_RHWs_duration,35.118090452261306,0
2016,SSP2-4.5,Compound_RHWs_duration,28.454773869346734,0
2017,SSP2-4.5,Compound_RHWs_duration,27.097989949748744,0
2018,SSP2-4.5,Compound_RHWs_duration,37.94472361809045,0
2019,SSP2-4.5,Compound_RHWs_duration,17.89711055276382,0.10760906439342255
2020,SSP2-4.5,Compound_RHWs_duration,52.33140703517588,13.816078848450356
2021,SSP2-4.5,Compound_RHWs_duration,60.89861809045226,19.541226850111794
2022,SSP2-4.5,Compound_RHWs_duration,58.12273869346733,11.85623022772725
2023,SSP2-4.5,Compound_RHWs_duration,67.88379396984925,25.11960034007397
2024,SSP2-4.5,Compound_RHWs_duration,60.58391959798995,24.342905843591826
2025,SSP2-4.5,Compound_RHWs_duration,67.7571608040201,13.732779872528452
2026,SSP2-4.5,Compound_RHWs_duration,66.99371859296483,20.22802816561971
2027,SSP2-4.5,Compound_RHWs_duration,78.9825376884422,30.88370271677718
2028,SSP2-4.5,Compound_RHWs_duration,79.52927135678392,32.26768363435333
2029,SSP2-4.5,Compound_RHWs_duration,75.45213567839195,16.216040239982938
2030,SSP2-4.5,Compound_RHWs_duration,77.7675879396985,28.80416247834481
2031,SSP2-4.5,Compound_RHWs_duration,80.9751256281407,19.446562661197362
2032,SSP2-4.5,Compound_RHWs_duration,78.69346733668341,24.44404835589334
2033,SSP2-4.5,Compound_RHWs_duration,85.89912060301508,19.662858940646952
2034,SSP2-4.5,Compound_RHWs_duration,75.5144472361809,15.580003405053779
2035,SSP2-4.5,Compound_RHWs_duration,78.45640703517589,13.246683345623754
2036,SSP2-4.5,Compound_RHWs_duration,86.63002512562814,25.89919153973115
2037,SSP2-4.5,Compound_RHWs_duration,80.84183417085427,20.17293187548962
2038,SSP2-4.5,Compound_RHWs_duration,86.63391959798994,20.33220006879194
2039,SSP2-4.5,Compound_RHWs_duration,85.43417085427136,22.572649534780467
2040,SSP2-4.5,Compound_RHWs_duration,91.17010050251257,22.722639736772585
2041,SSP2-4.5,Compound_RHWs_duration,88.18718592964825,27.065290496974423
2042,SSP2-4.5,Compound_RHWs_duration,95.72613065326634,20.669261525531283
2043,SSP2-4.5,Compound_RHWs_duration,99.57989949748743,31.418188558278278
2044,SSP2-4.5,Compound_RHWs_duration,101.6108040201005,24.90686046939595
2045,SSP2-4.5,Compound_RHWs_duration,105.35515075376884,22.24178460500004
2046,SSP2-4.5,Compound_RHWs_duration,106.61218592964825,21.60912922382808
2047,SSP2-4.5,Compound_RHWs_duration,109.86871859296483,28.642991415906806
2048,SSP2-4.5,Compound_RHWs_duration,108.95778894472362,33.212094810641915
2049,SSP2-4.5,Compound_RHWs_duration,118.94899497487437,21.56705101427375
2050,SSP2-4.5,Compound_RHWs_duration,120.56557788944724,36.8027426593566
2051,SSP2-4.5,Compound_RHWs_duration,114.32211055276382,29.03355887322338
2052,SSP2-4.5,Compound_RHWs_duration,123.0928391959799,36.090606110190215
2053,SSP2-4.5,Compound_RHWs_duration,113.6286432160804,28.950296528257066
2054,SSP2-4.5,Compound_RHWs_duration,123.35414572864322,38.134007597308134
2055,SSP2-4.5,Compound_RHWs_duration,120.30527638190955,44.98847916123614
2056,SSP2-4.5,Compound_RHWs_duration,121.02311557788946,30.244929268321936
2057,SSP2-4.5,Compound_RHWs_duration,130.9177135678392,39.47189168131312
2058,SSP2-4.5,Compound_RHWs_duration,140.70904522613066,36.0512545828302
2059,SSP2-4.5,Compound_RHWs_duration,125.49811557788945,33.02677572865015
2060,SSP2-4.5,Compound_RHWs_duration,120.86859296482412,26.764360269900976
2061,SSP2-4.5,Compound_RHWs_duration,131.65439698492463,36.17979855691186
2062,SSP2-4.5,Compound_RHWs_duration,132.29773869346732,45.15845099279072
2063,SSP2-4.5,Compound_RHWs_duration,137.86670854271358,39.73153350146513
2064,SSP2-4.5,Compound_RHWs_duration,128.39861809045226,31.86837747390424
2065,SSP2-4.5,Compound_RHWs_duration,130.8150753768844,35.06574267624501
2066,SSP2-4.5,Compound_RHWs_duration,135.3322864321608,25.208522323873197
2067,SSP2-4.5,Compound_RHWs_duration,137.21582914572863,36.54819216367712
2068,SSP2-4.5,Compound_RHWs_duration,143.98329145728644,34.51407589782107
2069,SSP2-4.5,Compound_RHWs_duration,146.47713567839196,35.554927002394514
2070,SSP2-4.5,Compound_RHWs_duration,150.75515075376885,49.33550766241592
2071,SSP2-4.5,Compound_RHWs_duration,147.19020100502513,43.54219522797489
2072,SSP2-4.5,Compound_RHWs_duration,155.24384422110552,43.075255735057624
2073,SSP2-4.5,Compound_RHWs_duration,138.5032663316583,46.70670837221346
2074,SSP2-4.5,Compound_RHWs_duration,150.5787688442211,41.227089307223274
2075,SSP2-4.5,Compound_RHWs_duration,157.086432160804,47.968180336972154
2076,SSP2-4.5,Compound_RHWs_duration,158.92072864321608,45.462889831156005
2077,SSP2-4.5,Compound_RHWs_duration,153.36520100502514,42.27327071432454
2078,SSP2-4.5,Compound_RHWs_duration,153.3187185929648,46.104638298934354
2079,SSP2-4.5,Compound_RHWs_duration,155.24145728643217,45.70099804854667
2080,SSP2-4.5,Compound_RHWs_duration,157.1711055276382,37.12679547440674
2081,SSP2-4.5,Compound_RHWs_duration,146.81683417085426,35.927079140851966
2082,SSP2-4.5,Compound_RHWs_duration,165.81293969849247,45.64950406824648
2083,SSP2-4.5,Compound_RHWs_duration,160.56005025125629,39.20570549518485
2084,SSP2-4.5,Compound_RHWs_duration,161.03731155778894,31.91048127591226
2085,SSP2-4.5,Compound_RHWs_duration,157.85992462311557,33.162131704635655
2086,SSP2-4.5,Compound_RHWs_duration,174.0427135678392,43.460198523599885
2087,SSP2-4.5,Compound_RHWs_duration,181.68643216080403,50.445160593383385
2088,SSP2-4.5,Compound_RHWs_duration,176.12022613065326,39.23852483812381
2089,SSP2-4.5,Compound_RHWs_duration,172.0712311557789,44.52430882877928
2090,SSP2-4.5,Compound_RHWs_duration,180.6468592964824,45.219127561686655
2091,SSP2-4.5,Compound_RHWs_duration,176.02977386934674,41.15655653547876
2092,SSP2-4.5,Compound_RHWs_duration,176.38429648241205,32.05872359722846
2093,SSP2-4.5,Compound_RHWs_duration,179.82311557788944,42.72029813884012
2094,SSP2-4.5,Compound_RHWs_duration,179.36042713567838,51.661033436977384
2095,SSP2-4.5,Compound_RHWs_duration,177.49409547738694,34.27955597300299
2096,SSP2-4.5,Compound_RHWs_duration,197.30967336683418,46.02574066989738
2097,SSP2-4.5,Compound_RHWs_duration,190.83203517587938,47.20062448805575
2098,SSP2-4.5,Compound_RHWs_duration,180.8928391959799,38.40879609115489
2099,SSP2-4.5,Compound_RHWs_duration,179.5895728643216,39.73993340254665
2100,SSP2-4.5,Compound_RHWs_duration,177.2532663316583,43.42257617910005
1981,SSP5-8.5,Compound_RHWs_duration,8.832914572864322,0
1982,SSP5-8.5,Compound_RHWs_duration,7.7123115577889445,0
1983,SSP5-8.5,Compound_RHWs_duration,10.236180904522612,0
1984,SSP5-8.5,Compound_RHWs_duration,7.791457286432161,0
1985,SSP5-8.5,Compound_RHWs_duration,10.192211055276381,0
1986,SSP5-8.5,Compound_RHWs_duration,11.155778894472363,0
1987,SSP5-8.5,Compound_RHWs_duration,13.731155778894472,0
1988,SSP5-8.5,Compound_RHWs_duration,13.226130653266331,0
1989,SSP5-8.5,Compound_RHWs_duration,9.226130653266331,0
1990,SSP5-8.5,Compound_RHWs_duration,16.865577889447238,0
1991,SSP5-8.5,Compound_RHWs_duration,12.094221105527637,0
1992,SSP5-8.5,Compound_RHWs_duration,10.56532663316583,0
1993,SSP5-8.5,Compound_RHWs_duration,5.53140703517588,0
1994,SSP5-8.5,Compound_RHWs_duration,12.704773869346734,0
1995,SSP5-8.5,Compound_RHWs_duration,10.559045226130653,0
1996,SSP5-8.5,Compound_RHWs_duration,4.761306532663316,0
1997,SSP5-8.5,Compound_RHWs_duration,5.739949748743719,0
1998,SSP5-8.5,Compound_RHWs_duration,24.10678391959799,0
1999,SSP5-8.5,Compound_RHWs_duration,10.889447236180905,0
2000,SSP5-8.5,Compound_RHWs_duration,20.008793969849247,0
2001,SSP5-8.5,Compound_RHWs_duration,15.425879396984925,0
2002,SSP5-8.5,Compound_RHWs_duration,21.53894472361809,0
2003,SSP5-8.5,Compound_RHWs_duration,23.28894472361809,0
2004,SSP5-8.5,Compound_RHWs_duration,7.6708542713567835,0
2005,SSP5-8.5,Compound_RHWs_duration,12.712311557788945,0
2006,SSP5-8.5,Compound_RHWs_duration,21.042713567839197,0
2007,SSP5-8.5,Compound_RHWs_duration,29.07537688442211,0
2008,SSP5-8.5,Compound_RHWs_duration,6.719849246231155,0
2009,SSP5-8.5,Compound_RHWs_duration,7.885678391959799,0
2010,SSP5-8.5,Compound_RHWs_duration,17.78391959798995,0
2011,SSP5-8.5,Compound_RHWs_duration,21.037688442211056,0
2012,SSP5-8.5,Compound_RHWs_duration,39.49748743718593,0
2013,SSP5-8.5,Compound_RHWs_duration,12.054020100502512,0
2014,SSP5-8.5,Compound_RHWs_duration,17.170854271356784,0
2015,SSP5-8.5,Compound_RHWs_duration,35.118090452261306,0
2016,SSP5-8.5,Compound_RHWs_duration,28.454773869346734,0
2017,SSP5-8.5,Compound_RHWs_duration,27.097989949748744,0
2018,SSP5-8.5,Compound_RHWs_duration,37.94472361809045,0
2019,SSP5-8.5,Compound_RHWs_duration,17.938693467336684,0.09613270217183076
2020,SSP5-8.5,Compound_RHWs_duration,62.78153266331658,25.555065307295834
2021,SSP5-8.5,Compound_RHWs_duration,54.632663316582914,22.624905786197147
2022,SSP5-8.5,Compound_RHWs_duration,53.81545226130653,17.03491528656242
2023,SSP5-8.5,Compound_RHWs_duration,63.143090452261305,28.10982131651189
2024,SSP5-8.5,Compound_RHWs_duration,69.91092964824121,22.78453587444538
2025,SSP5-8.5,Compound_RHWs_duration,67.70791457286433,25.347909065257852
2026,SSP5-8.5,Compound_RHWs_duration,64.17437185929649,15.912431843437417
2027,SSP5-8.5,Compound_RHWs_duration,66.03442211055277,22.38805215925152
2028,SSP5-8.5,Compound_RHWs_duration,67.84145728643216,18.818356058227398
2029,SSP5-8.5,Compound_RHWs_duration,69.68128140703517,26.183794720882776
2030,SSP5-8.5,Compound_RHWs_duration,75.84371859296482,30.926897021766745
2031,SSP5-8.5,Compound_RHWs_duration,80.09309045226131,24.583378640492207
2032,SSP5-8.5,Compound_RHWs_duration,80.50100502512562,25.053143527934715
2033,SSP5-8.5,Compound_RHWs_duration,91.68090452261306,36.34524415494424
2034,SSP5-8.5,Compound_RHWs_duration,87.41092964824121,31.905683694792465
2035,SSP5-8.5,Compound_RHWs_duration,95.07060301507538,36.81692667264541
2036,SSP5-8.5,Compound_RHWs_duration,83.7212311557789,27.844680442806684
2037,SSP5-8.5,Compound_RHWs_duration,103.74133165829146,38.276213384270804
2038,SSP5-8.5,Compound_RHWs_duration,100.80929648241207,37.18859044110149
2039,SSP5-8.5,Compound_RHWs_duration,92.71721105527638,33.551433664337296
2040,SSP5-8.5,Compound_RHWs_duration,108.98957286432162,33.732045986634255
2041,SSP5-8.5,Compound_RHWs_duration,108.85025125628141,42.58060880190371
2042,SSP5-8.5,Compound_RHWs_duration,113.12726130653266,47.71377495334129
2043,SSP5-8.5,Compound_RHWs_duration,122.28530150753768,30.716341021235092
2044,SSP5-8.5,Compound_RHWs_duration,123.97412060301508,35.62731627126595
2045,SSP5-8.5,Compound_RHWs_duration,124.4570351758794,37.39396114640616
2046,SSP5-8.5,Compound_RHWs_duration,125.41984924623115,30.07504248711047
2047,SSP5-8.5,Compound_RHWs_duration,121.71005025125629,35.612472992203
2048,SSP5-8.5,Compound_RHWs_duration,141.03228643216082,47.46771711747749
2049,SSP5-8.5,Compound_RHWs_duration,130.83103015075378,45.425037251730494
2050,SSP5-8.5,Compound_RHWs_duration,145.31256281407036,43.74204004252247
2051,SSP5-8.5,Compound_RHWs_duration,138.16482412060301,33.186230105298236
2052,SSP5-8.5,Compound_RHWs_duration,143.22587939698494,37.47922116423714
2053,SSP5-8.5,Compound_RHWs_duration,155.42349246231154,43.01422208201962
2054,SSP5-8.5,Compound_RHWs_duration,160.4390703517588,38.934042348051726
2055,SSP5-8.5,Compound_RHWs_duration,157.5819095477387,34.46647745425025
2056,SSP5-8.5,Compound_RHWs_duration,160.4251256281407,39.953579393476744
2057,SSP5-8.5,Compound_RHWs_duration,167.29535175879397,45.04354471730221
2058,SSP5-8.5,Compound_RHWs_duration,179.61620603015075,47.956280785200036
2059,SSP5-8.5,Compound_RHWs_duration,175.48706030150754,41.449560213694234
2060,SSP5-8.5,Compound_RHWs_duration,179.45753768844222,43.58666662248809
2061,SSP5-8.5,Compound_RHWs_duration,179.68429648241207,42.12992685269395
2062,SSP5-8.5,Compound_RHWs_duration,194.49447236180904,38.13853760046078
2063,SSP5-8.5,Compound_RHWs_duration,186.81708542713568,41.48479494767585
2064,SSP5-8.5,Compound_RHWs_duration,190.48065326633167,47.52823250743367
2065,SSP5-8.5,Compound_RHWs_duration,204.71545226130652,55.46749246428372
2066,SSP5-8.5,Compound_RHWs_duration,207.57273869346733,32.80085104325056
2067,SSP5-8.5,Compound_RHWs_duration,212.53115577889446,40.44602552205587
2068,SSP5-8.5,Compound_RHWs_duration,214.5532663316583,42.57457070369915
2069,SSP5-8.5,Compound_RHWs_duration,206.57286432160805,42.6427188833368
2070,SSP5-8.5,Compound_RHWs_duration,208.7709798994975,42.45569114133287
2071,SSP5-8.5,Compound_RHWs_duration,208.59535175879398,32.014999373100096
2072,SSP5-8.5,Compound_RHWs_duration,231.00603015075376,51.11608042671059
2073,SSP5-8.5,Compound_RHWs_duration,221.0674623115578,51.20826997523292
2074,SSP5-8.5,Compound_RHWs_duration,223.1574120603015,47.89037483892454
2075,SSP5-8.5,Compound_RHWs_duration,234.22600502512563,46.55854484117777
2076,SSP5-8.5,Compound_RHWs_duration,238.03278894472362,47.47076529099058
2077,SSP5-8.5,Compound_RHWs_duration,242.81030150753767,53.17012954485128
2078,SSP5-8.5,Compound_RHWs_duration,238.46256281407034,45.25780607608409
2079,SSP5-8.5,Compound_RHWs_duration,242.34422110552765,49.268506288000154
2080,SSP5-8.5,Compound_RHWs_duration,254.92550251256282,46.14796514425643
2081,SSP5-8.5,Compound_RHWs_duration,257.5722361809045,40.524297404924226
2082,SSP5-8.5,Compound_RHWs_duration,253.42701005025125,44.25990217750406
2083,SSP5-8.5,Compound_RHWs_duration,264.6606783919598,42.237382188598396
2084,SSP5-8.5,Compound_RHWs_duration,268.06457286432163,34.28357893734128
2085,SSP5-8.5,Compound_RHWs_duration,258.33492462311557,50.16628356631462
2086,SSP5-8.5,Compound_RHWs_duration,262.38077889447237,45.17116858676312
2087,SSP5-8.5,Compound_RHWs_duration,263.02914572864324,37.24173163891908
2088,SSP5-8.5,Compound_RHWs_duration,270.2940954773869,45.489595131316634
2089,SSP5-8.5,Compound_RHWs_duration,280.5660804020101,35.65111443638966
2090,SSP5-8.5,Compound_RHWs_duration,285.91206030150755,31.11001557256163
2091,SSP5-8.5,Compound_RHWs_duration,279.8811557788945,39.48820483307472
2092,SSP5-8.5,Compound_RHWs_duration,276.46909547738693,44.09039702941972
2093,SSP5-8.5,Compound_RHWs_duration,286.2947236180905,37.026390512088504
2094,SSP5-8.5,Compound_RHWs_duration,292.5502512562814,34.99067975284883
2095,SSP5-8.5,Compound_RHWs_duration,286.66884422110553,38.579475521864374
2096,SSP5-8.5,Compound_RHWs_duration,289.9069095477387,37.15566113043436
2097,SSP5-8.5,Compound_RHWs_duration,292.53052763819096,39.03832262609886
2098,SSP5-8.5,Compound_RHWs_duration,295.96884422110554,33.651565064715264
2099,SSP5-8.5,Compound_RHWs_duration,294.4800251256281,39.39658895543275
2100,SSP5-8.5,Compound_RHWs_duration,299.59824120603014,29.02349718967308
