year,us57,us198,us201,us222,us231,us234,us239,us243,us244,us297,us320,us322,us330,us331,us333,us337,us339,us342,us345,us351,us358,us365,us369,us370,us372,us373,us389,us437,us453,us474,us501,us515,us518,us526,us529,us535,us539,us540,us547,us550,us560,us568,us577,us578,us588,us593,us594,us651,us653,us658,us660,us668,us670,us686,us694,us701,us702,us706,us714,us724,us729,us733,us734,us745,us756,us760,us764,us770,us775,us776,us778,us799,us833,us853,us855,us859,us865,us866,us879,us881,us891,us892,us893,us894,us904,us945,us997,us1005,us1019,us1025,us1029,us1037,us1042,us1049,us1059,us1064,us1072,us1102,us1103,us1105,us1112,us1113,us1122,us1126,us1128,us1129,us1130,us1147,us1148,us1157,us1162,us1168,us1190,us1207,us1216,us1217,us1286,us1291,us1295,us1296,us1297,us1300,us1314,us1323,us1326,us1347,us1354,us1356,us1568,us1573,us1581,us1582,us1585,us1640,us1641,us1643,us1646,us1647,us1648,us1649,us1651,us1652,us1653,us1655,us1658,us1659,us1668,us1670,us1680,us1789,us1792,us1829,us1842,us1857,us1863,us1867,us1870,us1883,us1897,us1907,us1915,us1924,us1971,us1973,us1975,us1977,us1985,us1989,us1990,us1991,us1992,us1993,us1995,us2002,us2005,us2006,us2007,us2008,us2040,us2042,us2049,us2057,us2066,us2115,us2116,us2127,us2145,us2146,us2148,us2184,us2207,us2210,us2346,us2349,us2374,us2377,us2387,us2426,us2437,us2445,us2449,us2471,us2472,us2475,us2477,us2479,us2480,us2481,us2665,us2800,us2922,us2926,us2927,us2945,us2946,us2991,us3038,us3039,us3041,us3045,us3141,us3145,us3250,us3308,us3326,us3352,us3363,us3374,us3451,us3501,us3536,us3544,us3568,us3582,us3589,us3608,us3627,us3636,us3659,us3670,us3726,us3728,us3735,us3746,us3801,us3806,us3807,us3818,us3834,us3845,us3848,us3853,us3861,us3863,us3864,us3901,us3903,us3924,us4008,us4021,us4024,us4057,us4062,us4068,us4070,us4071,us4073,us4074,us4079,us4114,us4131,us4168,us4170,us4178,us4200,us4212,us4219,us4220,us4221,us4223,us4237,us4254,us4260,us4270,us4271,us4272,us4273,us4285,us4287,us4290,us4292,us4312,us4314,us4317,us4322,us4324,us4327,us4345,us4349,us4351,us4353,us4355,us4356,us4414,us4513,us4520,us4531,us4538,us4546,us4555,us4562,us4567,us4569,us4570,us4571,us4572,us4574,us4575,us4577,us4578,us4586,us4587,us4590,us4591,us4592,us4600,us4601,us4602,us4603,us4608,us4639,us4661,us4663,us4700,us4703,us4720,us4722,us4833,us4836,us4853,us4856,us4859,us4868,us4923,us4924,us4948,us4949,us4951,us4957,us4959,us4962,us5010,us5011,us5035,us5046,us5056,us5173,us5178,us5190,us5204,us5213,us5217,us5250,us5260,us5273,us5315,us5316,us5324,us5368,us5369,us5381,us5386,us5387,us5388,us5389,us5390,us5392,us5399,us5400,us5401,us5402,us5403,us5408,us5415,us5417,us5418,us5419,us5425,us5440,us5441,us5446,us5455,us5459,us5479,us5484,us5486,us5488,us5492,us5495,us5497,us5498,us5500,us5503,us5504,us5506,us5510,us5511,us5512,us5514,us5524,us5536,us5553,us5554,us5558,us5646,us5648,us5649,us5650,us5651,us5652,us5653,us5654,us5657,us5658,us5659,us5660,us5661,us5665,us5666,us5668,us5669,us5671,us5672,us5673,us5674,us5675,us5676,us5695,us5699,us5700,us5702,us5722,us5725,us5726,us5727,us5735,us5736,us5737,us5739,us5744,us5765,us5766,us5796,us5798,us5837,us5838,us5839,us5840,us5841,us5842,us5843,us5844,us5847,us5880,us5902,us5952,us5955,us5964,us5965,us6009,us6012,us6050,us6077,us6087,us6091,us6098,us6099,us6113,us6122,us6124,us6128,us6147,us6155,us6340,us6342,us6379,us6390,us6401,us6403,us6416,us6494,us6559,us6598,us6604,us6606,us6620,us6636,us6643,us6659,us6678,us6681,us6687,us6691,us6696,us6697,us6698,us6699,us6702,us6729,us6731,us6767,us6769,us6776,us6791,us6798,us6810,us6812,us6818,us6820,us6860,us6862,us6865,us6867,us6869,us6871,us6872,us6875,us6876,us6877,us6923,us6928,us6937,us6943,us6946,us6949,us6998,us6999,us7016,us7028,us7053,us7101,us7107,us7113,us7121,us7125,us7126,us7204,us7230,us7232,us7233,us7370,us7403,us7405,us7406,us7408,us7409,us7411,us7446,us7560,us7685,us7833,us7844,us8236,us8312,us8531,us8570,us8577,us8595,us8645,us8647,us8869,us8924,us8928,us8929,us8930,us8931,us8933,us8947,us9062,us9066,la4,la9,la13,la19,la32,la35,la39,la40,la42,la51,la57,la63,la65,la66,la71,la72,la74,la77,la82,la84,la91,la95,la96,la103,la105,la108,la117,la126,la128,la129,la130,la131,la133,la135,la137,la142,la147,la149,la152,la154,la162,la167,la179,la182,la184,la204,la206,la207,la211,la218,la224,la225,la227,la228,la231,la233,la234,la236,la237,la239,la243,la248,la250,la251,la252,la253,la254,la263,la264,la280,la281,la287,la291,la293,la297,la300,la307,la311,la317,la320,la323,la332,la333,la336,la339,la343,la351,la358,la359,la360,la364,la368,la370,la371,la372,la378,la383,la384,la389,la393,la399,la403,la404,la407,la412,la423,la426,la434,la440,la444,la446,la452,la454,la456,la463,la465,la467,la468,la470,la474,la476,la479,la481,la484,la487,la494,la499,la503,la504,la505,la507,la519,la524,la527,la534,la537,la541,la557,la558,la569,la570,la571,la581,la582,la588,la590,la597,la598,la602,la605,la607,la609,la611,la612,la613,la614,la616,la617,la619,la620,la629,la632,la638,la643,la649,la656,la658,la663,la664,la666,la669,la674,la681,la684,la686,la688,la689,la690,la691,la693,la697,la698,la701,la702,la703,la708,la710,la711,la713,la714,la716,la721,la723,la728,la730,la736,la737,la738,la739,la744,la748,la755,la757,la761,la764,la766,la780,la787,la788,la789,la791,la792,la816,la821,la853,la857,STDEVP,MEAN
1981,21,16,17,16,21,17,19,19,21,9,17,19,16,17,16,20,18,22,20,12,21,15,16,20,19,19,18,16,9,10,22,7,6,13,10,15,10,13,9,10,13,13,18,21,15,7,6,10,13,9,16,10,9,12,12,7,7,16,4,6,7,6,4,4,4,8,8,6,4,8,7,6,5,7,11,11,11,8,9,12,5,5,11,7,8,7,6,3,7,6,6,8,9,0,3,3,6,13,12,6,6,6,13,12,4,13,12,6,6,6,6,3,4,4,7,6,10,4,7,7,7,8,5,11,7,4,4,4,17,13,22,22,33,18,18,22,16,14,14,19,19,15,15,21,17,16,40,45,16,37,37,42,21,30,24,26,26,18,29,24,27,39,15,15,13,14,15,18,18,18,15,18,18,16,19,19,18,29,42,47,46,42,39,18,19,12,14,10,10,18,21,20,5,4,0,0,5,0,7,4,7,0,0,0,4,0,4,0,0,6,10,3,10,13,10,13,16,13,25,20,0,4,6,39,31,22,26,29,6,14,27,15,9,10,6,11,3,7,4,5,14,14,14,12,37,39,34,40,38,47,47,45,37,39,36,30,27,20,16,17,16,19,16,14,15,15,15,10,21,16,21,31,16,16,21,11,3,3,3,3,14,7,13,13,13,12,6,14,15,7,17,11,11,13,13,14,14,13,13,13,16,17,19,28,36,42,35,42,31,5,18,13,8,8,14,14,11,9,18,9,54,49,20,35,16,13,29,14,17,24,29,29,32,23,22,18,19,34,29,42,33,37,37,14,14,26,26,23,30,31,19,26,27,23,23,27,25,28,32,21,20,22,30,15,26,26,26,23,19,18,25,17,19,19,18,20,19,14,17,14,14,20,21,31,27,22,17,23,23,19,23,15,22,30,29,29,16,16,16,19,16,18,16,16,16,18,19,19,34,30,36,28,28,29,14,15,15,15,15,15,16,16,17,17,20,19,19,11,15,13,13,16,16,19,14,14,14,47,40,30,34,35,35,35,35,21,21,13,19,19,19,19,23,18,15,12,15,12,12,12,12,12,15,24,11,17,19,20,17,28,12,0,10,21,17,13,16,13,10,7,11,0,0,0,0,6,7,3,3,9,40,43,10,7,14,43,44,29,33,7,7,35,28,0,3,11,3,5,30,28,46,46,39,24,36,43,41,51,50,36,28,24,27,28,21,28,32,35,37,32,21,44,51,42,44,27,28,30,35,47,30,29,22,23,19,20,27,19,15,13,24,21,25,27,27,20,25,20,23,4,15,20,9,35,18,38,46,33,48,46,11,12,24,24,21,41,15,9,39,21,14,16,9,6,8,18,9,13,13,20,21,9,7,6,16,8,16,6,8,8,6,7,9,6,6,6,8,8,8,3,5,7,6,3,3,7,7,6,6,10,11,12,12,12,12,6,7,7,6,6,11,6,6,6,6,6,6,6,6,11,12,4,3,3,4,3,3,3,3,3,3,11,11,11,9,6,10,10,11,7,14,7,7,11,11,11,14,9,10,11,8,10,7,11,15,11,11,12,8,8,11,9,9,10,11,11,11,15,16,18,17,11,17,14,10,11,10,10,13,4,3,6,6,9,9,9,6,9,9,15,15,12,20,28,28,25,25,16,24,16,18,16,13,13,11,8,11,4,12,19,16,13,14,14,17,17,16,16,9,9,17,13,14,9,15,12,12,12,12,12,11,12,13,9,9,10,10,10,13,9,10,15,13,12,12,11,8,8,11,6,6,6,6,6,7,17,19,18,17,17,17,18,18,17,16,18,13,14,14,14,14,13,18,18,8,8,10.53378191,16.34798995
1982,22,17,24,12,19,23,24,24,19,24,26,24,16,24,23,18,18,19,23,23,12,22,20,12,12,12,14,22,20,18,16,11,12,12,13,14,16,16,14,13,18,13,14,15,14,15,15,19,18,18,18,18,16,16,17,11,11,14,11,16,14,15,14,12,14,12,12,14,16,17,14,12,12,14,24,21,19,18,14,15,15,15,15,14,12,11,11,17,15,18,14,15,15,15,14,15,14,14,14,14,12,15,14,13,11,13,13,13,13,13,13,13,21,20,10,13,16,15,18,18,15,18,15,14,14,14,14,15,21,21,22,21,22,12,11,9,12,11,11,12,11,12,9,9,12,11,13,15,11,29,26,33,39,37,27,21,26,15,22,18,21,29,10,10,10,11,13,11,11,11,11,11,11,15,17,17,25,21,21,24,22,22,18,19,19,25,18,13,10,20,19,23,17,15,21,17,14,17,17,16,19,15,14,15,22,14,21,29,25,24,20,18,22,15,12,19,15,15,14,18,23,21,20,3,3,3,6,3,27,20,15,14,18,23,14,19,20,22,23,12,15,9,16,14,16,19,13,19,14,17,17,18,10,11,13,13,10,6,9,9,12,7,11,27,11,11,16,28,6,12,9,3,6,6,10,30,18,21,15,30,20,29,23,24,24,27,24,14,29,19,29,19,18,19,15,18,18,19,19,22,18,12,12,3,0,3,3,3,0,3,6,6,3,3,6,6,3,0,0,0,15,15,17,15,3,6,12,3,3,10,13,16,16,12,12,7,4,3,3,6,11,7,10,12,8,3,3,7,9,8,8,7,9,6,9,9,7,7,8,6,7,7,19,18,16,21,19,20,17,17,20,17,15,15,15,17,17,17,18,17,11,14,20,16,16,17,18,17,20,15,17,18,17,3,6,6,3,5,5,4,5,4,4,4,4,4,4,4,4,6,4,7,7,3,14,14,17,17,17,20,23,23,22,22,22,22,22,19,17,20,20,22,22,22,22,16,23,4,3,3,3,6,6,10,10,25,24,23,24,17,21,21,14,14,13,10,13,10,10,10,10,10,14,17,24,21,18,25,17,25,22,22,27,22,22,18,30,24,24,23,20,17,19,35,35,9,12,6,9,42,0,3,3,3,3,6,6,4,4,0,0,0,0,0,0,3,0,3,0,0,0,0,0,3,3,6,6,3,7,0,6,3,3,6,0,0,0,0,0,0,6,3,0,0,0,3,3,3,3,14,11,6,4,4,7,7,0,0,0,0,4,0,0,0,0,0,0,0,5,3,0,3,20,15,8,0,0,0,3,0,3,13,12,12,11,13,7,4,4,3,7,7,6,3,3,3,0,4,3,9,10,4,4,4,5,5,5,4,5,5,10,4,4,4,3,3,5,8,8,5,5,8,8,5,8,5,7,5,7,7,10,9,13,14,11,7,7,7,7,10,10,10,10,10,8,8,7,10,10,9,11,5,4,4,4,4,4,4,7,11,4,11,10,12,10,10,10,10,12,10,13,13,12,12,12,12,13,16,13,13,16,13,13,16,13,13,12,13,12,13,14,12,11,12,6,16,16,16,0,0,0,6,0,3,10,4,4,4,13,8,4,8,8,7,7,8,3,3,3,3,3,0,6,7,8,8,9,9,9,7,5,8,3,6,0,0,0,0,6,3,3,3,5,5,5,8,14,14,6,3,9,14,3,7,17,14,14,14,14,14,14,14,5,0,3,5,5,5,8,3,8,12,17,17,16,11,4,4,10,8,4,0,6,5,7,8,7,7,6,8,7,7,7,9,7,7,8,8,12,9,8,11,5,6,12,13,7.364783537,11.76507538
1983,19,28,27,23,22,24,26,34,35,9,20,22,22,22,16,22,25,24,27,13,24,22,22,27,24,25,24,18,18,24,35,23,17,29,22,28,29,30,28,31,28,30,23,24,29,26,21,30,30,28,32,21,22,23,24,27,27,35,26,17,29,25,21,23,30,21,21,17,21,19,26,25,17,11,29,34,30,27,20,24,25,14,24,11,32,22,17,17,17,21,16,23,21,10,17,13,21,18,18,16,20,18,19,18,20,18,15,22,22,25,23,19,27,30,28,18,32,30,31,31,31,29,28,28,31,27,27,28,21,20,28,28,22,21,21,26,24,24,24,25,25,26,22,23,21,22,21,21,22,6,20,3,11,12,12,9,9,6,9,21,22,29,25,24,24,23,26,25,25,26,25,25,21,22,23,25,22,23,23,20,20,20,19,17,15,17,20,22,24,25,12,11,22,12,29,24,15,22,13,20,22,29,28,28,28,23,26,29,38,38,41,41,37,32,32,58,31,33,39,38,18,17,20,18,27,26,30,29,51,24,38,30,26,25,19,25,51,50,24,23,21,10,11,19,28,32,30,31,41,41,37,39,28,35,29,35,31,42,46,42,52,34,39,45,42,42,43,46,41,49,57,47,50,51,46,45,38,36,35,43,35,40,33,32,31,34,34,41,33,36,47,38,38,44,54,48,46,36,39,40,41,37,47,21,4,5,11,14,14,14,18,16,25,25,21,21,20,12,11,15,13,11,23,16,21,22,23,17,21,29,25,9,25,12,16,10,18,36,32,3,0,6,6,0,0,4,3,6,3,6,0,39,37,41,49,52,48,48,48,54,52,43,39,31,41,36,35,39,40,43,29,18,12,12,17,20,21,28,36,28,23,26,15,32,30,24,16,40,34,43,27,19,28,0,0,0,3,0,3,3,3,3,3,3,3,3,0,0,0,3,10,24,23,18,24,22,21,18,25,23,23,26,25,25,28,28,29,19,22,25,25,28,28,28,27,22,28,11,9,11,12,24,24,24,24,12,12,9,12,13,24,23,13,13,21,24,21,22,22,22,23,23,23,9,6,12,24,14,13,3,0,0,14,8,7,3,11,7,0,0,0,0,0,0,0,3,3,0,0,12,4,9,0,0,0,8,3,3,4,0,0,0,0,0,3,6,3,4,7,3,8,6,11,11,4,7,3,0,0,10,4,3,3,3,0,0,0,3,4,5,4,8,3,3,0,6,6,5,13,10,4,3,3,0,0,0,3,3,3,0,4,3,3,3,3,0,0,3,8,10,4,12,8,25,13,8,18,14,13,14,4,10,11,10,7,13,10,7,3,12,13,13,13,6,10,13,7,6,6,13,23,17,17,17,7,9,13,17,16,16,10,6,13,6,6,6,9,13,6,9,9,3,3,9,6,6,3,3,3,7,11,11,13,13,13,6,6,6,6,3,9,6,6,3,3,6,3,3,6,10,13,9,3,3,6,3,3,3,6,6,3,10,10,10,3,3,3,6,10,6,13,6,6,13,13,10,13,12,9,9,12,3,6,13,13,10,16,13,13,16,23,3,4,4,13,13,13,17,15,20,16,14,13,14,10,16,16,16,10,6,3,3,6,3,3,10,9,9,9,20,21,21,20,19,17,17,22,13,19,20,17,16,7,11,11,11,11,11,13,17,17,21,9,9,9,9,12,12,6,9,12,6,12,12,12,6,9,9,9,9,9,12,13,3,3,15,15,16,13,10,13,13,13,13,13,15,13,13,17,13,13,6,6,3,3,14,13,13,6,14,11,9,9,6,10,13,14,9,6,9,9,14,20,20,16,16,12.20202299,17.87688442
1984,30,25,27,17,29,25,28,30,30,19,23,25,13,19,25,25,26,21,26,26,23,26,22,14,14,25,8,15,16,19,17,14,18,23,15,17,15,16,18,19,19,19,22,23,25,21,25,27,20,24,20,20,14,19,20,19,19,21,18,17,27,23,19,20,21,20,21,14,17,17,21,28,24,21,20,20,23,19,16,14,23,22,17,18,19,19,25,24,30,31,24,24,20,35,35,33,32,26,26,27,34,26,26,26,25,29,30,34,32,31,32,31,37,38,35,30,25,25,29,29,29,29,21,21,21,27,29,29,33,31,28,28,35,34,35,34,36,36,36,39,36,39,39,35,40,40,38,37,39,12,7,3,17,18,19,25,24,27,19,16,28,33,36,36,35,35,25,36,35,36,35,35,35,24,33,40,32,30,38,34,37,36,35,19,20,24,26,25,24,26,22,22,38,26,29,29,17,26,24,24,29,19,23,23,21,20,17,19,23,24,24,22,21,16,17,21,9,11,16,17,42,35,32,30,18,14,11,14,17,13,22,13,20,12,12,19,26,20,19,30,18,18,28,28,31,35,17,21,29,27,28,30,31,33,29,17,16,3,10,12,13,17,16,11,16,16,16,13,8,13,13,9,10,13,12,22,16,21,16,21,11,19,11,16,16,17,11,14,16,14,19,16,15,15,14,11,14,14,14,14,13,11,18,10,0,0,9,9,13,8,15,12,9,7,11,10,10,7,10,10,13,12,13,12,3,14,12,6,10,22,16,0,3,3,0,6,3,10,9,3,7,3,3,3,0,5,5,5,3,8,0,6,11,10,14,16,13,13,13,13,13,13,12,12,12,14,13,22,25,26,19,19,18,18,27,31,30,14,22,15,19,25,40,15,15,26,16,20,16,32,20,19,20,0,0,0,0,0,0,0,0,0,0,0,0,0,0,0,3,4,8,16,19,16,14,14,14,14,14,13,11,11,10,10,10,10,7,7,14,7,7,10,7,7,7,12,9,11,11,8,11,16,16,16,16,19,19,14,18,17,26,26,22,25,7,9,7,7,7,7,10,10,14,24,11,26,20,18,14,26,18,25,39,29,26,30,30,32,35,27,32,16,20,27,21,31,25,27,31,36,8,7,5,5,0,3,3,4,0,0,0,0,4,0,0,0,0,0,3,3,0,0,0,0,3,3,3,0,3,0,0,0,0,0,0,0,0,0,3,11,20,13,7,7,8,13,13,13,23,16,12,13,20,11,17,20,0,0,0,0,3,8,9,15,14,10,10,4,20,13,3,22,7,10,7,0,0,3,3,3,7,18,20,19,19,15,17,16,0,9,10,10,8,8,7,6,8,11,5,13,9,9,17,12,10,12,13,11,20,20,4,8,11,8,8,7,23,19,19,18,19,6,6,11,11,7,7,7,3,3,3,3,3,6,6,3,6,6,3,3,3,3,3,3,3,3,3,6,6,6,6,10,6,6,10,6,6,3,3,3,3,6,6,6,6,6,6,6,6,6,3,6,6,6,6,6,3,7,6,7,7,10,10,10,3,6,6,6,6,6,3,9,10,10,7,10,10,13,10,9,7,6,7,6,6,6,9,9,6,11,10,11,11,10,7,7,4,4,4,4,4,3,9,13,24,24,14,10,10,6,7,6,4,4,4,4,4,4,4,4,4,4,6,6,6,7,4,3,8,6,6,7,5,7,4,3,4,3,4,4,3,4,3,5,4,3,3,3,3,4,6,4,3,3,3,0,11,12,6,3,0,0,7,6,7,9,6,6,6,6,6,6,6,6,6,6,9,6,7,6,6,10,3,8,6,6,10.24613997,14.57286432
1985,6,3,6,15,9,9,6,6,9,9,3,6,12,12,12,12,12,10,19,16,19,19,19,12,12,22,16,19,9,14,21,14,18,19,14,21,14,15,18,19,20,14,15,15,41,26,29,22,14,19,14,19,19,23,19,25,25,31,23,26,25,26,19,22,23,22,19,24,24,24,23,28,26,23,19,22,21,14,21,20,24,23,18,25,18,29,27,17,20,30,23,27,21,30,36,30,27,27,27,24,24,31,24,27,27,33,28,19,22,25,30,28,34,29,26,31,34,28,29,29,26,30,32,37,42,30,30,29,41,27,41,36,33,17,20,20,19,19,19,22,19,19,22,21,19,19,17,21,19,26,26,25,51,51,37,51,50,50,50,45,51,46,27,27,22,19,20,20,20,20,19,20,20,19,22,22,30,22,29,31,34,39,35,25,21,22,26,27,25,21,23,23,21,8,11,21,16,11,14,17,20,18,24,24,15,16,20,18,11,18,9,9,9,9,8,10,8,9,9,13,20,31,31,11,11,6,5,5,13,9,10,10,10,10,10,16,14,16,16,16,15,11,10,3,15,15,21,24,19,19,22,22,12,20,23,13,10,11,15,15,12,12,12,9,12,12,12,11,13,12,11,12,11,9,13,15,12,9,9,14,12,13,13,9,12,10,10,9,9,9,9,9,9,9,12,12,12,9,9,9,9,8,9,13,3,7,8,11,14,12,9,9,20,20,15,17,20,6,14,15,5,8,15,9,11,9,9,17,15,22,19,12,12,11,15,15,19,16,10,3,4,4,4,4,4,9,6,11,11,9,7,7,7,10,10,8,8,8,8,10,10,9,8,7,8,4,4,8,5,7,25,7,7,7,7,7,7,9,9,9,8,10,11,8,9,10,12,4,8,11,8,11,27,10,10,10,7,4,7,7,7,7,4,4,7,7,7,7,13,11,7,12,13,14,8,4,3,8,7,8,9,6,3,3,3,3,6,4,3,4,4,6,6,6,4,5,7,3,3,0,3,13,13,13,13,9,9,6,13,8,16,13,17,24,15,15,15,10,10,15,15,15,14,16,10,12,16,19,20,24,11,22,17,21,23,15,18,23,14,25,17,12,21,13,14,9,9,10,8,10,7,3,6,3,9,0,3,7,6,3,0,0,19,0,0,9,3,14,16,10,7,7,7,6,0,0,0,12,0,22,0,3,0,0,3,3,3,0,0,19,20,18,21,20,21,38,38,36,55,41,20,20,35,17,34,34,15,19,19,14,22,37,26,26,36,32,33,20,28,23,12,17,17,15,3,20,11,19,19,15,9,6,3,3,6,16,6,6,3,11,6,6,15,7,14,6,7,7,4,7,23,19,11,19,19,11,15,15,9,13,8,9,15,9,9,9,12,20,16,15,18,9,8,12,9,9,8,9,12,9,12,12,14,11,11,10,9,10,9,7,14,10,10,12,6,10,16,15,15,15,9,12,16,14,16,7,17,14,10,4,14,10,10,9,10,6,9,9,9,13,16,14,11,11,10,10,16,12,8,8,14,8,8,9,16,10,15,12,7,13,9,15,11,12,12,13,16,14,13,16,13,14,13,17,16,17,17,17,16,15,15,15,15,14,11,19,11,11,11,13,14,13,14,18,21,21,21,20,21,15,17,13,12,14,15,15,18,15,14,14,14,16,13,13,13,13,15,16,7,13,13,16,11,9,13,13,13,15,15,13,15,13,16,3,10,12,13,10,16,10,10,17,14,13,14,18,11,10,8,13,11,12,8,12,9,20,16,13,13,20,20,15,15,10,12,14,16,13,10,13,13,16,15,15,7,10,8.723404969,14.9120603
1986,13,17,17,8,15,17,18,17,16,8,14,15,11,11,10,15,16,18,16,11,16,14,13,16,13,17,19,9,15,14,15,14,11,18,14,15,18,18,17,18,19,17,18,18,22,24,24,11,15,14,15,8,7,14,17,21,21,21,21,19,23,22,20,21,24,24,18,17,20,21,24,25,10,7,12,11,8,11,9,9,11,7,8,7,5,23,23,14,13,16,15,17,25,25,25,27,26,29,28,25,27,27,29,28,28,26,26,21,23,24,24,21,22,22,26,27,29,39,42,42,37,34,49,38,40,39,39,43,56,62,67,66,46,53,53,54,59,61,57,53,61,57,56,57,50,55,60,62,58,49,43,37,45,62,55,53,54,52,50,39,66,80,53,53,53,48,48,48,47,51,48,48,56,55,49,49,61,53,60,65,61,62,62,35,26,45,42,44,48,62,30,30,14,8,11,15,14,20,11,13,16,13,17,15,13,9,9,13,16,42,30,29,29,30,24,23,31,31,28,37,36,35,49,17,24,23,18,20,19,8,19,19,15,12,15,19,26,18,13,11,8,8,9,11,22,22,24,26,23,24,23,23,30,30,26,26,26,11,14,11,21,14,15,11,14,14,14,17,14,17,18,11,14,14,19,16,23,30,30,24,14,23,14,18,18,19,27,14,15,26,14,29,30,32,23,25,21,30,30,30,31,31,25,23,17,19,20,19,22,7,15,15,17,13,17,12,7,4,4,4,19,14,19,11,4,20,15,4,4,19,13,7,4,4,4,12,12,5,11,11,9,23,19,18,11,23,23,19,21,20,11,17,13,11,17,17,13,13,13,14,14,15,11,21,15,30,29,32,31,37,52,19,22,22,22,25,25,24,21,24,16,19,30,33,34,23,35,28,34,42,42,32,60,11,15,15,14,13,7,15,7,10,10,8,7,10,11,11,12,17,23,11,11,15,21,20,20,20,19,21,20,20,17,17,20,20,19,21,20,20,20,23,23,23,23,23,22,28,30,17,25,27,27,27,27,35,35,20,26,20,47,46,57,51,15,15,18,15,15,15,18,21,26,30,15,30,39,40,43,15,16,23,26,22,22,12,22,22,13,16,16,14,15,18,19,13,14,16,16,20,34,27,3,12,3,0,7,19,3,22,22,10,34,23,25,27,13,21,34,22,25,25,15,19,3,7,13,20,19,19,4,10,12,16,14,18,17,20,20,34,24,33,34,34,27,25,25,26,40,32,21,20,23,19,23,23,18,21,19,28,29,38,33,26,26,31,37,25,9,8,5,8,28,28,34,22,23,31,24,26,25,31,26,26,26,23,25,29,7,20,14,14,14,6,3,14,7,10,13,19,21,25,14,22,14,10,12,19,10,9,7,4,17,4,4,3,14,11,7,11,11,4,4,11,11,4,3,10,6,6,6,6,6,6,6,3,4,4,3,3,6,3,3,3,3,3,3,3,6,6,6,7,8,8,8,7,8,4,6,6,3,6,6,12,6,6,9,9,12,12,0,13,13,12,12,12,0,10,10,13,10,14,14,10,0,14,14,9,14,22,3,10,13,10,7,13,13,9,4,4,7,4,10,7,7,7,10,10,10,11,11,11,11,8,8,7,4,4,4,4,4,4,13,11,12,12,14,8,10,10,7,10,3,3,3,3,0,3,7,0,0,0,0,0,0,0,0,3,10,6,3,3,10,6,3,3,3,3,3,3,3,3,3,10,4,10,10,9,3,4,3,3,3,3,3,6,17,16,14,13,0,3,3,6,3,5,5,0,3,5,5,3,3,0,5,5,8,0,0,0,0,8,24,28,13,20,14.0558519,19.32035176
1987,17,14,9,10,12,12,12,9,14,17,25,18,12,17,17,12,12,21,21,16,18,18,19,14,14,21,14,25,26,15,10,5,7,11,11,10,16,17,11,17,5,14,10,10,13,17,17,16,14,13,15,6,6,14,17,16,16,10,15,12,22,19,13,15,17,16,16,16,16,16,18,21,17,14,11,11,16,24,17,18,17,14,18,11,21,20,23,23,20,18,13,19,7,15,15,14,11,22,22,20,23,20,19,19,19,11,11,14,14,14,11,11,23,19,10,11,14,7,7,7,7,10,15,14,15,10,10,18,6,11,11,11,17,22,21,22,27,27,27,27,27,27,27,28,23,28,21,17,28,40,42,32,30,37,30,29,26,22,31,21,17,22,29,29,28,27,32,23,21,21,22,23,21,19,28,28,23,10,22,17,18,21,21,23,6,23,32,32,29,26,19,24,20,14,23,21,20,15,31,25,23,23,22,22,23,22,22,24,25,25,24,16,24,19,22,41,23,22,25,23,23,18,27,39,37,36,38,44,33,35,44,32,34,29,26,25,20,29,22,19,21,22,25,29,54,58,39,48,53,47,42,43,55,49,45,49,52,54,38,51,35,27,30,28,30,30,32,37,60,53,40,52,40,37,33,32,22,26,24,30,27,31,28,27,24,26,30,29,25,40,34,31,31,24,36,43,45,30,24,24,23,24,22,44,23,33,39,39,33,45,44,35,46,48,45,46,48,42,46,47,40,42,39,42,36,37,39,41,45,49,48,42,40,38,36,33,40,51,48,21,36,29,38,10,0,27,24,22,22,22,14,56,55,48,51,42,36,36,48,31,37,29,27,33,36,36,33,30,23,29,37,31,37,37,37,37,36,39,42,38,34,30,32,36,37,41,44,29,36,34,37,34,35,0,3,3,11,6,6,12,6,6,8,8,9,12,13,13,3,10,6,20,20,16,39,37,36,41,37,36,33,35,35,36,35,33,35,28,37,35,37,35,33,35,37,30,34,7,9,8,12,12,13,13,13,18,18,20,23,26,26,23,25,22,7,4,7,4,4,4,4,4,4,9,21,31,16,31,33,10,13,12,18,15,14,12,16,13,11,9,12,10,12,8,9,7,7,7,5,13,8,6,16,13,16,16,15,11,15,12,12,14,12,18,19,22,15,21,18,14,31,31,34,36,23,27,30,33,35,23,34,29,32,28,7,7,6,17,17,16,14,16,9,9,9,12,12,9,11,11,0,3,4,7,4,4,16,36,26,20,12,29,30,32,39,21,22,20,19,14,0,25,41,46,50,50,38,35,36,40,52,39,25,25,25,26,33,47,14,27,18,15,20,17,17,19,17,17,17,21,27,26,26,26,28,19,27,25,18,18,20,12,17,15,18,15,16,18,18,16,19,15,15,16,16,15,15,19,17,17,17,17,11,11,7,18,18,21,19,17,17,17,17,20,17,17,20,17,17,17,11,15,15,15,18,15,18,19,15,19,19,11,11,11,16,16,12,11,11,11,20,8,8,10,11,11,20,8,8,8,8,8,8,8,20,7,7,11,11,6,17,17,17,17,8,9,9,8,12,12,13,12,16,12,12,12,12,11,12,15,18,18,15,15,15,16,15,15,15,15,15,18,21,12,23,20,19,12,18,12,18,19,12,12,15,18,18,15,18,15,15,15,20,20,20,20,19,19,17,20,20,9,17,20,14,3,6,9,6,9,6,14,20,17,17,20,20,20,20,17,19,19,19,19,19,7,17,20,17,17,17,19,19,19,15,19,19,19,18,19,19,19,19,18,18,19,22,19,19,19,19,22,33,34,11,11,11.40703988,21.78140704
1988,25,23,24,8,23,24,24,22,22,28,28,23,25,29,29,24,19,17,25,29,33,35,28,17,17,26,11,32,30,28,23,28,23,24,26,23,21,25,25,31,23,24,13,16,18,30,27,28,27,31,30,22,21,30,39,32,31,25,31,30,31,32,33,32,31,32,32,28,28,26,30,24,31,33,38,37,39,48,36,46,36,33,42,33,41,27,33,37,37,30,32,39,35,25,25,32,28,31,31,29,39,35,32,30,28,31,31,22,32,24,24,22,31,22,20,19,11,19,15,19,22,15,14,11,12,15,15,15,6,9,13,13,12,6,6,8,13,14,13,8,9,8,8,8,14,16,8,8,19,11,14,9,10,9,12,12,9,5,15,12,3,9,20,20,19,11,13,7,6,6,7,7,7,10,10,10,7,9,7,6,10,11,10,6,5,16,12,16,16,10,8,8,35,32,50,43,45,41,48,44,38,48,39,39,49,44,47,47,41,43,44,51,45,47,40,55,46,42,41,50,24,23,25,46,45,34,41,41,51,41,29,33,34,50,50,42,45,49,38,38,30,35,20,23,53,51,65,57,48,50,57,59,48,60,62,68,68,51,48,53,55,47,41,57,43,43,43,45,43,41,47,40,38,47,39,54,57,55,55,55,44,55,42,47,47,54,50,39,48,49,45,46,47,45,40,48,45,53,52,52,49,46,44,45,36,35,39,40,28,34,69,60,34,34,57,53,42,37,42,43,41,44,38,45,37,39,44,39,41,48,50,34,35,37,41,33,39,30,25,20,20,23,20,0,0,13,16,6,3,7,0,29,23,32,26,26,27,24,27,39,39,44,25,27,31,29,29,46,36,28,22,22,22,22,22,28,22,23,24,24,20,21,25,23,23,23,22,23,23,19,25,27,23,5,5,5,7,4,3,3,3,3,7,7,3,3,3,3,5,0,0,17,17,16,27,29,25,35,33,27,19,24,23,23,23,23,25,22,22,23,23,23,23,23,23,28,29,6,3,0,3,3,3,3,3,25,22,24,26,27,22,21,16,13,6,3,6,3,3,0,0,0,6,0,12,17,16,13,17,4,3,9,3,3,3,10,3,7,10,15,9,11,12,20,22,16,16,15,16,15,19,0,3,6,9,0,3,3,3,3,3,3,13,6,6,4,6,8,8,0,32,32,27,37,9,17,19,16,12,43,28,21,21,16,3,3,3,10,10,19,5,14,17,18,15,12,12,14,34,16,11,12,17,11,11,11,31,20,24,23,50,67,68,74,78,73,69,66,11,19,3,39,38,11,32,52,29,16,51,45,78,25,16,16,16,20,19,36,0,23,4,4,4,7,3,4,7,5,5,4,4,7,5,4,4,5,5,4,5,5,7,6,5,6,6,6,5,5,5,5,5,6,6,6,6,6,6,6,6,6,6,6,3,3,3,6,6,6,7,6,6,6,6,6,6,6,6,6,6,6,0,6,9,9,6,9,6,6,6,5,8,0,0,3,9,9,9,6,8,9,6,2,2,0,3,3,6,3,9,9,3,8,8,3,6,3,0,3,3,0,3,2,5,8,6,6,6,6,0,3,3,3,0,0,0,0,0,3,6,5,6,6,5,8,8,3,9,8,3,0,0,0,5,5,5,5,5,4,5,4,11,4,7,7,3,3,3,3,8,0,0,3,0,0,0,0,0,3,4,3,0,0,4,0,6,3,3,3,3,3,6,6,6,5,8,0,0,0,0,7,0,0,3,3,3,3,5,7,7,9,6,4,6,6,6,4,0,3,0,4,4,3,0,0,3,0,4,0,3,0,0,4,3,3,3,3,16.96225829,20.08165829
1989,23,14,13,10,16,16,16,13,23,16,28,16,18,13,13,16,24,12,20,16,17,13,19,16,15,17,11,31,19,29,6,18,19,19,18,9,9,6,12,12,12,12,16,17,18,11,13,18,20,18,25,18,17,19,21,12,14,14,8,17,19,18,19,12,8,9,9,16,19,13,11,14,16,10,15,15,27,23,23,19,18,10,24,13,21,15,15,23,17,26,17,20,20,16,22,21,17,19,18,19,16,16,17,19,15,23,23,18,17,21,20,21,23,23,21,14,22,24,28,25,25,29,26,24,23,24,27,31,21,24,23,20,20,22,22,25,24,24,24,24,24,24,24,24,24,24,29,32,24,39,29,45,51,54,42,41,44,58,38,42,38,47,28,28,24,27,28,23,23,23,27,27,22,30,27,27,29,29,26,39,31,31,27,12,11,20,23,24,27,30,14,14,23,20,23,22,19,15,13,17,14,21,21,20,20,20,23,19,20,23,26,22,23,23,25,26,24,29,28,24,13,20,20,18,34,22,33,26,19,11,20,12,14,17,16,14,22,19,22,19,20,21,19,22,30,32,37,33,33,32,33,35,32,38,35,20,20,20,28,27,24,21,20,16,19,19,22,27,23,23,31,27,35,31,32,21,27,32,32,27,17,27,25,17,17,29,37,22,17,38,25,33,30,26,26,34,34,28,28,26,27,27,25,11,25,19,20,20,10,16,17,10,20,17,12,12,17,13,14,18,23,20,19,23,12,11,17,12,19,20,26,18,21,16,16,17,11,32,32,28,26,26,25,29,27,36,36,38,28,34,28,27,33,29,29,34,29,28,28,34,31,33,23,25,23,31,31,26,27,27,21,26,31,31,26,28,26,22,26,25,24,26,28,25,23,26,23,30,27,26,23,25,21,29,30,30,20,30,30,29,29,29,26,26,26,26,29,26,33,28,22,33,27,28,25,27,29,26,26,24,22,22,28,28,28,28,26,31,26,27,27,28,25,27,27,32,31,24,29,26,27,24,24,24,24,28,28,30,28,31,29,29,15,18,24,24,24,23,23,27,24,24,27,25,28,29,28,21,21,9,12,20,18,19,23,22,23,20,18,34,19,9,17,11,11,28,29,31,29,29,45,28,24,29,30,19,29,26,29,24,28,31,33,28,30,33,27,47,44,36,17,17,22,22,32,35,37,28,35,32,33,32,36,38,31,31,30,35,36,45,33,44,49,49,48,39,39,38,64,49,35,35,48,42,49,48,18,18,24,18,18,26,43,45,44,29,32,31,19,29,6,27,32,23,23,10,11,14,7,7,42,18,14,14,11,11,15,28,29,36,32,36,32,29,26,37,33,32,32,36,29,40,27,34,26,24,24,34,28,27,33,28,33,24,28,23,31,32,31,31,32,27,22,33,28,24,22,23,19,19,19,18,25,29,30,27,27,27,22,21,19,22,22,19,23,23,22,25,20,23,28,31,23,22,28,19,28,23,27,20,24,27,28,24,25,28,25,25,25,32,25,25,25,28,24,21,28,22,25,25,22,22,25,22,25,31,27,27,22,26,31,21,21,21,21,22,22,24,23,25,24,21,24,22,25,26,24,24,24,32,28,28,33,28,28,21,28,28,28,40,39,37,40,33,33,34,34,30,34,44,49,40,28,40,39,35,31,43,39,37,37,42,26,28,26,26,24,27,38,38,31,28,33,37,22,30,29,29,29,26,26,23,22,29,28,25,25,25,25,33,32,23,23,19,23,31,33,33,28,26,28,27,26,23,23,26,29,31,28,27,30,32,35,28,31,32,26,31,28,28,28,26,41,37,23,20,8.008020851,25.25753769
1990,27,33,28,21,31,32,32,31,34,27,27,30,33,33,32,30,35,37,37,25,34,32,33,30,30,34,33,31,29,33,31,33,32,32,33,33,36,36,34,36,36,35,40,44,48,39,35,33,34,34,34,24,27,31,32,41,41,46,41,29,33,30,39,40,38,40,41,36,37,36,38,35,35,31,30,29,28,34,39,41,36,36,41,28,40,37,50,33,39,32,33,41,34,37,36,50,39,42,42,49,49,49,49,46,46,40,35,32,35,37,36,39,37,33,38,44,42,38,41,41,41,44,43,47,51,41,41,42,40,43,47,44,32,45,45,43,45,45,45,44,44,45,44,44,42,41,46,49,42,40,32,50,65,48,50,55,55,58,45,40,56,70,44,44,42,45,40,45,46,46,46,46,42,48,39,39,59,46,55,74,65,68,57,21,15,28,35,36,40,45,39,44,36,30,27,33,35,26,27,31,24,25,30,27,23,20,21,25,22,34,34,33,34,34,31,29,39,36,41,35,27,24,48,39,38,24,37,30,22,19,24,22,19,19,23,19,23,22,21,23,27,31,26,19,35,35,36,35,38,39,44,45,24,36,32,26,28,33,26,33,23,21,21,26,21,21,21,26,31,29,34,45,46,54,46,32,26,33,32,29,28,34,24,33,30,32,28,28,35,32,27,30,32,41,35,27,30,32,34,36,42,42,38,26,37,36,30,30,27,15,24,21,17,16,14,14,14,15,15,15,23,22,22,22,25,13,25,20,20,28,20,20,21,21,24,15,20,48,45,28,26,31,26,27,31,27,29,30,24,28,32,45,44,51,36,44,51,57,62,42,45,49,49,48,55,49,50,47,52,49,43,42,44,44,44,38,36,47,46,47,43,42,43,49,59,48,51,53,56,54,61,45,47,31,31,31,18,26,23,17,20,17,23,23,20,20,20,20,30,37,30,54,53,45,44,41,43,44,44,47,39,37,42,42,42,42,39,40,41,43,43,39,42,39,40,50,47,22,19,17,20,35,35,35,35,35,39,28,45,50,47,49,44,32,18,12,17,12,12,12,12,15,22,36,22,42,71,44,46,23,11,17,12,24,24,22,24,19,9,18,23,19,20,38,28,14,17,28,25,11,29,20,32,31,37,15,31,31,30,36,32,38,35,35,35,31,36,34,34,32,41,42,45,45,35,31,34,34,34,31,46,41,41,41,34,34,31,39,38,32,35,32,30,28,32,26,26,27,35,29,27,31,41,32,36,37,48,35,43,43,32,32,45,51,41,33,32,29,23,18,0,24,15,16,38,45,39,38,25,30,26,22,17,21,21,20,24,23,30,26,32,31,21,36,32,29,33,24,26,28,27,27,24,29,19,19,18,27,19,19,39,27,27,27,27,27,26,21,22,26,22,25,25,23,27,23,30,30,34,34,36,26,27,34,38,25,25,30,30,38,36,37,37,34,34,34,34,37,37,31,36,19,24,24,24,24,24,33,26,37,33,33,32,27,38,37,38,37,34,35,25,35,34,22,17,16,27,18,29,21,18,34,34,18,25,27,20,20,20,20,32,33,32,31,17,24,24,16,18,16,15,11,19,11,12,12,9,9,12,27,23,27,27,26,26,26,28,28,31,30,26,21,23,20,21,21,23,28,25,26,44,31,31,30,29,28,28,31,30,32,32,32,27,27,27,27,27,27,33,33,25,24,36,33,20,32,32,31,31,31,31,21,29,35,39,36,36,27,27,39,26,20,24,24,23,38,27,27,31,28,38,32,31,30,29,31,26,29,27,31,26,29,29,25,29,26,34,24,25,25,25,34,21,25,20,17,10.29569046,32.49623116
1991,29,37,40,36,37,36,36,34,41,39,30,37,36,37,37,43,38,39,38,35,49,41,45,45,46,46,45,39,38,49,38,40,53,46,39,39,37,37,41,39,35,36,38,36,41,42,42,50,47,49,45,26,29,43,41,57,57,50,50,44,48,46,48,60,46,47,47,46,54,48,42,46,42,42,43,39,45,46,49,35,47,44,47,44,58,58,57,56,57,46,60,52,66,39,42,46,53,49,52,49,57,59,50,53,47,51,51,47,56,46,42,44,34,48,33,41,45,35,40,37,37,43,35,37,37,36,38,45,21,21,23,28,15,16,16,17,17,17,17,20,20,17,17,14,17,17,17,18,17,19,20,23,24,27,21,20,20,41,21,21,22,19,17,17,17,20,20,17,17,17,20,20,16,17,20,17,17,14,18,24,25,25,20,9,6,12,14,16,17,19,16,17,40,51,40,47,45,44,48,43,42,47,50,53,47,39,48,48,49,23,46,43,46,22,15,38,31,27,25,18,18,17,9,37,38,27,25,31,40,28,36,31,26,36,34,31,37,33,44,34,32,18,20,28,28,30,32,31,37,41,41,40,29,29,33,32,31,32,29,32,33,27,38,35,39,36,35,34,25,30,36,22,33,26,17,43,40,40,40,41,40,53,39,39,38,44,34,40,50,32,46,40,37,27,26,28,28,34,34,34,35,27,25,16,13,14,14,14,8,11,16,16,23,23,24,24,20,13,9,17,16,17,17,25,18,11,25,18,23,33,36,18,24,16,16,4,7,30,24,12,14,14,14,0,6,8,12,12,11,11,6,28,38,10,16,25,33,36,44,30,33,36,42,27,37,22,26,20,23,22,10,20,20,20,9,12,14,16,16,16,24,14,22,9,9,9,12,20,17,29,9,13,10,15,15,15,10,10,9,3,9,9,12,9,9,9,9,9,15,12,8,29,35,32,25,29,25,25,25,29,22,24,26,26,26,25,19,23,24,21,21,26,24,25,21,31,26,12,9,3,10,6,6,6,6,3,3,0,3,20,12,11,16,7,0,0,0,0,0,0,0,0,0,6,0,0,16,11,10,3,0,12,3,6,0,3,6,3,7,13,3,13,10,13,13,12,10,10,10,10,11,8,7,7,7,3,3,3,3,8,8,8,12,9,9,8,8,15,9,8,8,8,7,7,15,12,12,8,8,12,29,20,23,21,8,8,8,8,8,12,17,9,14,14,15,11,11,13,32,6,10,15,19,21,19,19,11,12,12,11,20,23,29,33,41,29,30,35,6,16,38,22,17,14,24,11,8,11,11,7,32,25,24,21,24,26,22,23,3,8,4,4,4,4,8,9,8,3,3,7,7,4,0,4,4,4,4,4,4,4,6,3,4,3,6,5,3,4,4,0,0,5,5,0,5,5,4,5,3,6,6,0,3,3,8,5,5,5,0,0,6,7,7,3,3,3,3,6,6,3,3,3,0,0,0,0,0,3,5,0,3,8,7,3,3,4,4,4,4,4,9,4,4,7,3,0,7,0,0,0,0,0,0,0,7,7,3,4,0,0,4,0,0,0,0,0,0,0,0,0,0,0,0,0,0,0,3,3,0,4,4,4,4,3,3,0,0,0,0,0,0,3,4,4,4,4,4,4,4,3,3,3,3,3,0,0,0,0,3,0,0,0,10,11,11,10,9,8,9,8,7,12,9,11,11,7,10,11,11,10,11,10,5,6,8,8,8,5,5,8,8,5,0,0,3,8,4,4,6,3,8,5,5,4,5,12,12,11,7,13,12,11,8,7,11,11,15,8,7,8,8,12,4,7,0,0,15.8660686,19.83291457
1992,10,7,4,4,4,4,4,4,4,11,11,4,7,4,4,4,4,4,4,10,4,7,7,4,4,4,4,7,4,6,3,3,6,3,3,3,6,6,6,6,3,3,0,0,3,3,3,6,7,3,6,3,6,6,6,3,3,3,3,3,0,3,3,3,3,0,0,0,0,0,3,3,3,3,0,0,0,5,0,0,6,3,0,3,0,0,3,7,5,7,0,0,0,6,2,2,2,0,0,0,3,3,0,0,0,3,3,0,0,3,3,3,6,5,5,9,11,0,6,0,0,6,4,6,6,3,7,4,4,3,3,6,8,3,3,4,8,8,8,9,8,8,8,9,8,8,8,8,11,6,14,3,4,5,17,16,15,9,15,12,4,0,11,11,11,8,8,8,8,8,8,8,6,9,9,9,8,8,8,0,3,3,3,6,6,8,8,11,8,9,3,3,0,0,5,3,5,5,5,5,4,3,0,0,5,5,5,5,5,5,6,6,6,6,5,6,6,9,5,8,3,3,3,17,16,5,8,8,7,0,3,3,0,0,0,0,6,4,3,3,3,0,6,6,26,26,38,33,24,21,25,27,37,34,31,13,13,13,11,20,17,3,3,7,0,0,3,9,13,11,16,11,16,16,8,6,6,6,6,6,0,6,0,7,5,3,6,0,7,6,5,5,6,6,6,6,6,6,6,6,6,6,8,31,27,27,27,30,34,38,25,25,30,32,32,32,34,38,39,41,30,32,28,33,27,28,34,28,34,45,45,32,32,32,31,20,24,23,17,19,25,19,19,11,8,16,22,25,19,21,19,26,28,18,24,22,13,14,12,19,19,12,14,12,17,14,14,11,11,8,7,13,13,13,14,13,18,16,13,16,15,19,19,12,11,24,16,11,12,11,15,12,8,5,5,5,5,8,8,5,8,8,8,8,8,8,8,8,5,7,8,13,13,15,13,18,13,18,18,14,17,13,13,13,13,13,13,12,13,13,13,14,13,12,12,12,12,7,7,9,4,7,7,7,7,3,6,4,10,12,17,20,3,0,0,0,0,0,0,0,0,0,0,7,3,0,13,6,3,0,0,6,3,3,3,3,3,3,7,4,7,3,0,0,6,3,3,0,0,3,10,10,12,12,12,5,9,19,14,13,13,17,26,14,14,19,17,13,20,11,40,40,27,27,14,19,19,11,19,23,24,23,28,25,17,18,15,25,22,8,14,10,9,9,9,9,9,9,18,7,6,6,12,5,8,5,40,19,33,29,23,16,33,27,30,35,37,28,8,8,29,19,26,38,42,44,36,39,47,47,43,35,41,41,41,48,48,49,18,16,20,19,19,11,15,20,11,8,8,20,22,22,16,22,16,16,17,19,16,13,11,8,16,11,8,12,12,15,15,15,18,13,13,12,12,11,13,13,17,15,15,17,16,19,20,13,13,13,13,16,16,16,16,13,13,13,13,13,16,16,21,16,19,23,16,20,16,17,17,15,17,22,22,23,18,18,15,18,19,21,12,22,22,29,25,23,12,24,24,24,24,25,25,20,12,25,28,29,22,19,13,22,22,22,23,22,22,24,23,26,23,26,19,26,25,25,24,24,24,19,16,16,16,15,15,19,19,19,19,19,19,27,17,18,21,20,16,17,16,22,19,19,13,13,28,28,31,22,17,18,18,26,14,17,14,14,19,18,11,14,15,22,11,14,15,25,21,22,21,16,19,15,15,8,8,14,17,17,18,11,17,18,15,15,15,16,13,14,12,12,14,12,12,12,13,18,18,18,14,18,18,18,18,17,18,18,18,18,17,18,18,18,29,24,22,22,9.827506838,12.97738693
1993,13,12,16,10,15,13,16,16,15,9,13,16,12,12,12,18,14,21,17,17,25,13,14,18,17,25,17,18,14,15,12,16,12,11,12,11,12,12,11,13,12,12,8,9,15,23,23,17,14,18,15,15,18,22,14,22,25,17,21,15,15,19,20,22,23,18,18,19,19,16,23,21,14,13,15,15,18,17,18,17,18,14,18,14,17,27,27,30,23,23,25,19,21,18,19,21,22,20,20,20,23,25,20,21,20,22,24,16,17,21,22,24,21,24,21,22,23,21,21,21,15,22,23,25,29,21,21,24,40,46,30,43,39,32,31,33,31,30,30,30,30,32,32,31,31,31,25,23,31,7,29,22,17,16,16,17,17,35,16,17,19,28,28,31,31,31,31,31,32,31,31,31,31,28,28,25,20,23,25,34,26,28,28,13,12,23,24,23,28,32,15,17,15,9,17,14,20,18,28,24,28,9,22,19,14,11,17,17,11,24,3,6,6,9,3,6,8,8,7,12,26,33,8,12,21,16,20,19,9,10,12,6,6,6,9,10,12,9,17,9,16,4,18,10,6,3,7,14,8,13,8,14,10,13,13,3,6,0,0,0,0,6,7,8,7,7,7,5,0,0,0,0,0,0,0,7,6,4,4,6,8,7,7,4,4,6,3,7,5,4,4,6,6,7,4,7,4,9,9,9,9,4,8,7,7,7,7,7,11,8,11,11,11,11,8,8,8,3,0,8,7,7,7,7,7,11,7,4,7,11,7,4,3,4,4,5,4,3,0,3,3,3,3,6,6,7,7,6,6,6,6,6,3,0,0,3,0,0,0,0,0,0,0,0,0,3,4,0,3,3,4,9,6,6,6,6,6,0,0,0,0,3,6,0,3,3,7,3,3,13,3,4,7,0,0,0,0,0,0,0,0,0,0,0,0,0,0,0,0,3,0,0,0,0,0,0,0,0,0,0,0,3,3,5,5,5,6,6,5,6,6,6,6,6,6,15,10,0,0,0,0,0,0,0,0,13,13,8,14,18,14,11,10,3,0,0,0,0,0,0,0,0,0,0,7,21,27,18,15,14,13,9,9,0,0,3,9,3,4,4,0,4,10,9,10,9,3,6,6,0,0,3,6,6,3,3,0,3,3,6,3,3,8,3,3,3,0,0,3,3,7,7,0,0,6,6,6,3,3,11,9,12,9,9,3,3,0,3,0,0,9,0,0,0,0,9,9,15,14,4,6,6,14,0,6,6,7,7,14,4,14,7,9,9,9,15,15,10,3,15,15,7,7,20,21,4,4,6,8,5,13,23,22,22,22,15,16,20,3,7,9,7,20,19,19,16,7,22,18,8,24,15,18,16,10,4,10,20,9,7,12,18,20,18,10,11,16,14,12,20,12,15,10,20,8,13,7,9,15,18,20,21,20,29,29,17,17,17,17,19,24,21,23,13,16,19,16,22,26,27,28,14,12,12,14,9,14,12,17,19,12,29,28,25,21,25,21,25,29,22,19,16,16,25,22,18,21,17,19,19,17,16,16,17,21,33,19,22,22,15,24,18,15,16,16,16,16,16,26,16,11,19,20,19,13,19,19,16,13,11,14,18,11,12,12,22,18,18,18,23,26,37,18,18,14,12,17,11,15,13,7,13,10,10,13,16,20,13,9,17,25,23,18,21,19,22,24,24,15,23,21,19,23,24,15,25,23,24,27,20,24,17,20,18,15,21,17,20,20,22,20,17,23,19,19,26,20,20,15,12,25,12,10,8,7,17,21,21,17,21,21,21,21,18,18,18,17,21,18,18,18,17,20,11,22,21,8.927483598,13.07788945
1994,16,18,16,6,13,14,17,16,13,23,17,12,18,21,23,15,14,13,15,23,21,21,19,14,14,20,10,10,10,23,10,14,19,13,16,13,10,10,17,16,13,10,7,9,13,17,13,24,29,26,23,20,25,24,23,21,21,13,21,23,13,21,17,18,14,14,14,14,18,14,13,10,21,21,18,22,23,21,18,18,24,20,18,23,23,27,16,27,22,26,23,17,27,16,17,24,23,17,17,16,25,25,16,17,24,16,16,15,15,26,26,17,19,19,15,18,21,17,17,17,20,17,9,13,12,17,17,10,6,7,3,3,13,11,14,4,7,7,7,4,7,4,4,4,7,7,4,4,7,8,11,12,20,11,14,14,17,27,11,4,3,6,7,7,7,13,14,7,16,13,10,7,14,19,8,8,21,14,12,4,7,7,7,10,9,10,6,6,10,19,6,6,18,18,18,17,27,17,18,22,21,18,15,15,15,15,15,21,22,13,23,20,20,12,11,19,12,11,12,14,7,6,3,20,19,13,23,17,19,11,18,18,16,15,18,20,21,21,20,11,16,10,10,13,13,13,3,10,13,13,12,16,7,3,14,12,12,7,15,16,18,18,20,24,21,21,21,21,9,15,17,3,17,11,12,18,20,21,21,23,20,19,24,22,24,21,17,23,23,17,25,20,21,13,18,17,18,19,19,13,13,12,12,25,37,30,27,30,29,14,19,18,25,19,18,18,18,10,7,15,26,29,18,30,18,18,19,15,15,3,10,15,15,15,15,14,11,14,6,15,22,26,20,3,9,20,24,40,33,37,20,9,15,10,12,12,6,6,6,7,10,12,9,10,9,6,6,9,9,3,0,12,13,13,13,16,15,10,10,10,12,16,14,11,11,13,15,3,6,6,7,15,6,19,19,19,0,0,0,0,0,0,0,0,0,0,0,0,17,16,20,16,16,15,11,20,20,16,20,21,19,19,20,20,20,20,21,17,21,17,17,22,22,22,17,16,18,15,23,23,24,25,25,24,24,15,15,13,19,16,16,16,7,6,20,23,20,23,23,23,20,20,20,18,6,10,16,6,6,0,0,7,14,10,10,6,8,11,6,3,6,3,16,3,4,13,3,6,3,9,25,21,28,38,34,14,27,21,22,23,28,26,33,22,23,18,23,13,19,20,34,35,31,34,17,25,24,20,21,51,24,24,24,29,26,25,27,25,26,19,16,17,26,26,34,38,39,36,33,23,29,29,24,22,24,24,44,44,47,43,22,24,35,34,32,20,24,27,13,18,24,8,15,19,40,25,21,24,36,38,32,27,28,28,28,31,29,31,21,17,25,26,25,27,28,25,28,25,31,19,22,23,24,24,21,24,24,27,27,29,29,29,24,23,29,36,22,31,28,30,35,10,17,28,25,29,27,25,32,32,32,32,38,32,37,11,11,10,17,25,32,30,29,24,24,25,25,25,26,30,27,21,11,8,8,11,8,14,11,22,14,30,25,23,25,26,25,26,25,28,31,25,25,22,22,16,32,21,23,22,20,23,23,23,32,27,21,26,20,35,31,26,23,23,20,23,25,30,20,33,24,35,26,38,37,38,40,40,33,27,20,20,24,14,11,22,24,23,23,15,19,33,24,25,19,22,23,20,16,36,26,33,14,15,23,25,25,19,22,13,16,16,20,24,24,23,25,29,24,28,24,30,29,29,33,34,31,32,37,38,44,33,32,29,32,26,26,27,28,29,27,32,39,36,36,34,24,24,21,29,28,33,33,31,24,16,20,17,19,20,18,14,13,20,22,14,16,13,22,19,16,15,25,24,21,21,8.703933467,18.93592965
1995,13,14,15,12,11,14,15,11,11,11,5,14,20,18,17,14,11,13,19,21,24,21,20,23,20,28,20,27,19,24,15,20,20,24,16,18,19,15,19,23,15,18,11,11,11,20,21,28,25,27,25,27,25,25,30,19,20,17,20,24,18,22,21,20,17,21,21,17,19,16,17,20,28,28,31,28,33,27,26,26,35,25,28,31,25,18,19,27,21,22,16,21,13,13,13,13,13,13,13,20,20,23,16,18,15,11,11,10,9,12,12,8,15,15,12,9,13,14,10,10,10,13,13,14,10,14,14,16,14,21,12,15,9,28,31,22,16,16,16,19,16,16,16,19,16,16,14,14,16,15,26,14,33,30,22,24,24,20,17,8,13,9,13,13,16,20,26,25,25,25,28,28,28,29,22,22,12,29,20,12,15,12,13,8,6,13,7,10,26,23,41,39,33,28,27,30,26,31,27,24,25,28,32,28,30,27,29,33,22,35,32,32,32,29,25,34,27,27,25,26,24,22,12,24,23,18,19,18,31,20,24,21,25,23,20,24,23,30,31,22,30,23,25,24,17,15,7,7,16,18,18,18,11,10,22,20,21,21,29,28,27,20,22,26,25,22,22,30,24,31,21,17,17,15,16,29,31,30,29,29,19,24,18,30,27,31,31,26,31,33,30,32,31,29,32,28,27,29,30,29,27,20,22,18,18,22,25,25,9,12,7,7,16,16,7,10,9,9,10,12,18,16,13,13,12,10,13,11,11,8,15,20,15,18,15,3,4,18,22,16,13,20,23,19,26,26,23,33,21,23,35,29,23,21,22,18,24,23,20,20,21,18,27,33,22,23,24,13,16,17,21,30,32,32,34,30,31,28,28,28,25,35,29,34,33,29,34,17,21,19,20,40,22,24,31,32,0,8,8,11,8,14,8,8,11,17,18,21,31,38,28,6,12,15,29,25,29,29,29,30,32,33,33,33,33,33,37,33,28,38,38,36,34,37,38,27,29,30,37,28,40,20,23,23,23,28,25,29,21,31,28,28,22,21,17,17,17,15,15,14,17,17,17,26,46,30,28,30,27,30,19,23,14,17,20,18,15,16,10,16,16,15,19,26,24,19,22,19,19,20,30,33,21,24,27,18,26,29,20,29,26,27,43,22,22,31,23,27,38,34,13,13,14,17,15,14,23,28,26,48,20,17,17,30,28,30,28,34,35,45,19,48,53,56,52,33,33,50,66,53,57,71,64,45,55,55,25,31,50,33,35,27,26,20,22,16,19,34,22,10,42,20,7,43,24,14,13,26,16,25,18,39,33,37,53,29,45,27,19,20,8,8,13,3,6,8,7,11,8,10,26,14,10,13,17,11,14,13,16,16,9,10,10,10,10,10,13,19,18,14,14,11,11,13,11,10,10,11,6,6,9,9,9,7,10,8,8,8,8,6,9,6,6,7,4,4,7,6,6,10,7,13,9,5,12,5,11,7,8,7,7,7,3,7,7,7,7,7,7,6,11,3,3,0,0,0,11,3,4,4,0,4,4,3,11,3,0,3,0,0,8,4,4,3,3,3,3,0,3,3,6,3,3,3,0,0,0,0,0,18,13,16,16,13,13,3,10,10,6,0,3,0,21,21,25,20,20,17,20,18,17,18,15,12,6,9,9,13,17,8,8,11,11,14,14,13,10,13,8,3,9,11,8,3,10,10,10,10,10,10,10,10,13,8,10,6,9,9,6,10,6,6,9,9,9,11,10,10,11,11,9,9,9,11,10,12,11,11,9,11,8,12,12,9,11,11,12,11,9,9,9,11,21,25,0,0,10.60624519,19.00502513
1996,13,6,9,11,10,10,10,6,10,8,10,10,10,10,10,10,7,10,7,10,11,10,10,12,14,11,9,3,3,3,11,6,6,6,6,10,7,7,6,6,6,3,7,6,9,10,7,10,6,7,6,4,4,4,6,7,6,14,7,3,6,3,9,7,4,6,6,10,10,6,4,4,7,6,6,3,6,6,4,3,4,3,3,3,6,3,3,6,6,7,7,6,7,11,7,7,7,4,4,4,4,4,4,4,4,4,4,7,7,4,4,4,10,11,10,3,9,13,13,13,9,13,8,11,11,13,14,12,24,26,26,23,29,23,26,19,22,26,26,23,26,26,19,21,22,19,20,20,19,0,0,11,6,6,5,5,5,16,4,5,26,16,20,23,20,26,26,26,26,26,26,26,26,20,22,23,16,25,25,17,19,18,18,8,5,10,18,17,24,21,21,25,4,9,3,3,6,3,6,6,3,3,6,6,3,3,6,0,9,11,17,10,14,9,12,10,9,9,8,14,14,15,19,4,3,6,3,6,14,7,5,9,6,9,9,6,8,11,6,3,3,3,9,10,10,10,10,13,13,13,11,10,15,7,11,6,9,12,6,3,3,9,12,15,12,12,12,3,10,7,6,16,10,14,8,13,7,13,13,13,9,13,9,12,12,10,13,15,12,13,12,15,16,14,16,15,12,14,14,12,9,11,11,32,36,33,31,31,24,15,12,15,20,20,15,15,15,9,9,13,16,12,12,12,12,15,9,13,9,16,10,20,17,12,12,5,4,13,16,29,28,28,29,23,30,24,24,30,22,21,25,10,10,9,3,3,3,3,6,3,3,13,10,15,14,11,14,8,14,14,11,19,14,14,14,11,14,15,12,12,7,14,14,23,17,17,13,14,17,12,17,13,9,36,32,31,3,9,10,15,10,11,9,9,11,15,15,16,31,26,37,17,17,22,7,13,10,7,10,13,10,10,10,10,10,10,10,19,13,19,16,10,13,13,16,22,19,44,47,49,42,27,27,27,27,17,16,16,16,19,21,20,19,22,33,36,37,32,32,39,33,37,41,45,17,18,17,10,13,16,16,45,45,46,44,44,46,46,58,55,50,44,50,42,33,41,39,37,39,28,58,49,19,21,18,17,16,27,19,45,36,28,37,36,33,24,29,29,33,30,38,41,38,40,30,26,28,30,29,63,32,31,32,36,29,23,24,29,30,61,19,50,64,60,54,60,60,61,65,69,64,62,62,66,58,58,48,52,57,44,50,37,49,45,51,43,50,54,41,36,64,34,12,14,24,32,29,25,27,26,39,28,29,27,28,28,30,34,26,22,4,8,16,0,4,4,7,3,7,6,11,11,9,11,11,13,11,11,14,14,7,7,14,7,6,7,14,23,23,22,20,13,13,18,18,6,14,17,7,7,7,10,10,14,14,10,13,13,10,9,10,9,9,9,9,9,6,7,7,7,11,14,13,11,13,13,12,13,13,6,11,11,10,7,6,6,3,3,3,3,11,7,7,10,10,10,11,10,10,10,10,13,10,7,11,10,10,10,10,6,14,7,10,9,6,6,6,8,9,6,9,6,9,6,6,6,8,7,6,23,17,17,22,19,19,9,13,13,13,9,9,6,13,13,17,14,14,10,14,7,7,7,9,9,9,9,9,6,7,6,6,6,4,4,7,7,7,7,7,7,7,11,7,7,11,11,11,11,11,11,11,11,7,7,7,7,7,7,7,10,7,7,11,11,11,14,14,14,11,11,7,7,7,17,14,6,3,4,4,6,3,4,4,4,3,3,6,4,4,7,4,7,13,15,10,7,12.87982636,15.70854271
1997,8,3,0,3,0,0,0,0,0,0,0,0,0,0,0,0,0,5,0,3,7,0,0,7,7,7,15,5,0,15,8,8,12,9,7,9,10,10,13,14,14,11,13,13,15,25,23,10,15,15,15,10,14,16,10,16,19,16,20,21,19,21,19,16,20,24,21,21,18,21,22,21,19,15,13,10,19,19,17,21,18,13,18,16,20,26,25,16,17,17,17,20,22,13,20,17,20,19,19,19,24,23,18,17,21,13,13,23,19,18,18,18,15,19,16,14,22,18,19,18,18,19,19,20,21,18,18,20,17,14,13,13,14,18,18,20,17,17,17,17,17,17,17,17,17,17,18,19,17,17,27,23,35,15,19,17,17,36,14,17,26,17,17,17,16,17,15,17,16,17,17,17,17,20,19,19,14,15,18,16,17,14,19,6,1,5,11,11,12,19,9,9,10,9,19,10,19,12,14,14,17,17,14,14,20,16,16,15,11,14,10,10,10,10,12,10,9,9,9,6,8,19,13,14,9,9,9,9,10,6,6,9,12,10,10,10,10,10,15,12,9,4,8,0,12,8,20,11,7,15,12,16,27,17,17,9,9,6,6,9,9,11,13,14,11,11,11,11,6,9,9,7,10,14,13,10,10,10,10,10,17,11,17,14,14,11,8,17,14,8,11,11,13,13,10,11,8,13,10,10,12,10,9,5,5,6,6,6,3,4,7,4,4,4,4,4,4,3,3,3,2,2,2,2,1,4,2,5,5,22,15,3,3,3,2,2,6,7,7,9,3,3,3,9,10,8,8,7,6,6,6,6,13,13,16,15,13,16,16,14,15,14,9,8,8,6,6,11,11,6,7,8,9,9,9,8,8,3,4,3,3,7,9,12,11,13,13,6,6,11,8,15,7,16,11,8,6,9,6,6,6,6,3,6,6,6,6,9,8,6,9,12,12,12,4,3,3,3,3,3,3,3,3,3,3,3,3,4,7,4,3,3,3,3,3,4,3,17,10,9,17,4,4,4,4,8,8,4,8,8,10,8,9,10,11,12,11,11,11,12,13,13,13,13,7,3,8,10,7,14,10,14,18,15,15,18,19,20,19,14,19,11,7,10,8,11,13,15,9,14,16,10,6,10,12,8,8,11,10,16,10,8,5,10,7,5,10,13,8,8,8,8,5,2,7,7,8,3,8,10,5,8,5,8,7,7,6,9,8,7,18,10,8,8,8,14,14,15,19,19,34,35,20,17,16,16,6,6,10,8,19,13,13,21,21,12,17,16,26,28,20,18,9,16,12,2,2,8,7,12,13,7,8,8,8,7,7,9,10,5,17,14,13,8,7,16,11,18,14,11,21,15,17,12,14,11,13,16,4,4,11,17,20,16,15,12,13,13,17,16,17,14,15,16,16,17,12,15,12,12,12,12,12,12,12,6,6,6,15,12,12,12,12,15,11,11,15,9,9,9,8,10,9,13,7,11,6,18,12,11,15,8,9,9,10,9,15,9,9,15,20,16,16,9,9,9,20,13,13,13,13,19,19,19,18,8,13,9,8,11,16,16,16,16,17,19,19,19,10,10,16,10,20,10,19,13,13,13,19,20,16,16,19,16,16,16,13,13,13,10,10,10,18,18,20,25,21,19,19,27,13,19,15,15,11,11,11,14,19,13,13,13,16,16,20,20,16,20,6,11,19,24,18,15,16,19,16,13,16,16,12,15,19,10,10,18,19,19,19,14,18,18,11,11,11,12,20,20,14,19,11,18,15,15,12,21,21,21,15,21,21,21,21,15,15,21,21,21,15,21,21,21,12,16,8,11,5.92489842,12.21231156
1998,17,18,18,19,18,13,16,18,24,27,23,16,16,17,19,17,17,21,20,32,23,21,19,17,17,30,28,23,17,24,29,22,25,28,24,29,28,28,25,25,27,24,31,26,38,31,31,34,27,33,21,39,43,38,31,28,27,34,36,30,39,38,39,32,31,39,38,37,37,36,31,38,35,29,28,32,32,53,39,38,36,33,35,29,39,46,50,27,28,30,29,37,40,37,37,35,42,40,40,45,45,48,40,41,45,38,39,44,43,47,45,42,36,39,46,43,37,44,41,44,43,37,34,37,32,44,42,32,48,53,47,56,73,38,38,41,48,48,48,41,47,45,46,47,48,48,49,49,50,51,63,48,74,45,43,33,33,47,42,45,70,58,54,54,53,56,55,51,38,48,55,55,47,46,55,55,27,42,42,48,38,53,54,20,17,45,53,49,56,38,47,48,28,29,47,33,44,31,32,32,32,29,30,29,35,34,31,33,40,48,41,41,44,34,36,38,35,36,42,50,53,63,52,36,33,39,28,32,43,39,38,47,46,38,38,34,36,33,35,23,23,17,22,15,34,28,9,14,17,13,11,11,23,6,7,36,40,33,31,33,33,40,45,44,47,47,47,39,28,29,22,25,26,26,34,40,47,46,46,46,39,43,35,42,45,42,29,41,42,32,38,38,38,32,33,30,30,27,30,35,36,32,40,12,15,21,25,25,18,23,18,24,27,27,19,22,22,24,25,22,20,21,25,21,26,21,20,26,26,19,17,21,23,21,20,20,19,35,28,25,24,25,23,29,30,21,21,25,21,21,29,26,23,23,16,20,27,27,26,22,23,26,42,37,47,30,29,47,39,39,55,56,60,60,59,63,58,43,43,48,44,53,53,45,44,55,52,31,43,48,46,57,48,21,21,21,24,30,27,23,27,27,29,26,27,27,23,23,21,19,39,25,25,25,40,47,44,42,41,34,38,38,42,42,42,42,40,59,49,50,53,42,45,42,48,52,57,30,29,38,30,36,36,36,36,64,64,69,72,61,64,65,68,61,56,53,53,53,53,53,54,53,54,54,69,70,61,69,69,82,88,91,60,72,89,104,67,86,94,82,96,83,88,80,82,40,39,53,59,23,28,24,20,22,20,33,32,27,25,39,39,31,32,35,36,40,35,36,43,37,13,13,14,14,31,32,32,25,29,16,31,22,27,31,24,25,29,21,28,29,37,25,33,32,35,12,12,14,21,25,31,24,17,13,14,14,13,10,18,14,22,20,20,20,20,21,21,26,19,12,22,18,8,25,38,13,7,15,16,22,26,22,16,16,20,18,17,23,28,21,23,23,27,29,31,23,20,28,27,24,33,27,27,27,30,28,30,28,31,28,30,29,28,25,27,28,26,30,28,30,32,23,29,30,30,21,26,31,29,29,31,27,27,28,27,19,23,20,20,29,28,31,31,29,26,28,29,28,28,27,28,33,26,28,32,31,31,25,19,29,25,28,28,26,32,30,29,29,27,25,35,25,24,28,27,25,29,23,24,24,18,25,25,25,29,28,27,29,29,30,27,28,26,26,25,25,25,19,28,25,28,27,29,27,27,26,27,27,27,31,31,31,31,31,31,31,28,27,27,29,28,23,27,30,31,31,30,29,29,29,40,33,31,29,25,28,28,29,29,29,29,27,32,31,30,30,31,32,27,33,28,29,29,30,32,29,29,29,29,29,33,33,30,27,30,33,32,31,30,29,32,29,29,29,29,36,27,27,29,34,33,29,26,30,29,33,33,33,30,34,33,32,33,31,32,32,33,32,31,30,32,32,34,27,29,26,13.67516659,33.83040201
1999,30,34,38,14,26,35,36,32,17,34,24,29,21,30,28,33,12,22,19,28,34,34,20,22,17,29,23,28,21,40,31,31,38,30,36,33,36,30,35,33,29,24,15,20,26,28,26,42,43,44,41,39,46,49,31,40,38,30,26,47,41,48,35,30,26,30,29,30,36,33,20,13,34,32,27,28,30,46,24,27,23,39,28,34,29,20,24,21,23,28,29,26,29,19,26,26,35,19,19,23,22,21,23,20,23,24,21,19,19,26,20,19,30,37,25,20,29,24,31,28,20,37,36,36,30,22,27,32,39,43,42,37,58,51,51,50,51,50,50,50,50,51,51,52,48,53,57,57,48,12,17,19,10,10,21,19,14,16,24,22,42,36,53,53,54,53,54,51,51,51,53,54,51,48,54,54,37,46,55,48,48,48,48,20,10,44,46,45,54,49,43,49,21,31,29,31,49,39,29,36,30,27,35,33,40,31,36,39,34,41,35,33,35,38,41,38,30,34,32,43,39,40,54,25,12,25,13,18,39,31,26,37,39,40,40,34,36,42,31,22,22,21,20,33,23,24,29,23,18,19,18,18,14,24,13,17,22,21,27,19,34,30,33,25,33,33,33,29,13,28,25,13,23,28,32,40,35,33,33,37,35,32,32,32,32,29,27,29,32,33,29,33,33,31,35,28,31,39,39,39,32,38,32,18,30,32,38,28,21,25,25,22,28,24,25,25,25,26,18,22,37,38,34,35,19,25,36,16,30,26,20,23,22,28,24,15,15,22,14,35,24,36,36,23,35,27,27,28,27,28,27,18,27,15,14,16,23,23,21,24,27,30,28,40,32,34,33,33,32,41,26,35,36,36,37,37,35,36,31,36,32,30,31,37,37,40,46,34,43,43,46,39,36,29,29,29,23,25,20,16,20,20,19,19,19,20,20,20,24,28,15,16,16,21,28,31,25,21,21,25,28,31,30,30,30,31,31,36,35,36,36,30,33,30,36,36,36,23,29,25,24,25,25,25,25,39,39,33,40,37,28,29,37,31,18,21,24,13,13,18,18,21,20,21,21,41,20,27,32,41,38,36,28,24,26,26,32,29,39,40,30,47,42,44,46,23,23,26,31,17,31,28,16,16,25,34,36,29,30,39,36,33,40,33,39,38,33,34,39,33,27,28,35,36,34,33,33,29,28,40,33,37,33,33,31,28,29,29,29,33,24,32,23,22,25,27,27,31,24,26,33,34,21,23,19,19,31,32,30,30,18,25,22,18,14,22,23,23,25,10,30,21,19,19,19,28,18,15,15,17,17,24,25,26,29,20,27,22,32,27,9,6,19,12,9,9,6,6,3,3,15,17,13,21,15,9,15,19,9,10,12,12,19,12,12,12,16,16,13,16,16,12,12,16,16,15,15,15,6,6,9,6,6,7,7,10,10,10,10,9,9,9,9,9,3,3,9,3,3,3,6,18,17,18,18,14,18,9,10,6,9,6,6,6,6,6,3,6,6,6,10,6,6,6,6,6,10,9,6,6,6,6,6,6,10,6,6,6,6,6,10,6,6,6,3,6,3,0,3,3,3,3,3,3,3,3,0,0,3,17,13,17,13,13,13,3,10,9,9,6,6,3,17,17,18,20,17,10,18,13,12,11,3,3,5,5,5,0,8,6,6,6,14,14,13,13,15,14,3,6,14,16,6,3,12,16,16,13,16,16,12,12,13,3,6,13,13,13,13,6,13,14,11,10,10,7,19,19,16,16,13,12,12,15,15,10,13,15,14,10,13,12,12,14,14,13,11,11,14,14,11,10,5,14,6,6,12.51903093,24.73241206
2000,14,16,16,13,15,14,15,16,13,18,21,15,15,14,19,16,9,12,12,18,16,19,20,12,12,16,12,22,15,14,14,11,12,12,11,11,15,12,11,14,14,17,14,14,16,16,19,15,14,15,12,16,16,16,12,14,13,15,16,20,13,14,13,14,16,16,13,13,13,13,16,16,19,19,15,18,18,19,19,20,20,19,21,18,21,16,16,18,19,21,16,18,20,17,20,13,20,17,16,19,19,19,17,16,24,14,14,16,17,17,16,20,23,21,24,17,17,28,20,20,20,18,23,23,17,30,20,24,27,37,25,28,43,28,28,30,18,19,19,24,19,21,26,19,19,19,31,27,13,14,10,16,8,9,17,15,14,15,20,16,17,31,16,13,16,27,21,24,25,28,24,24,25,27,18,21,37,42,29,33,40,37,44,13,3,22,11,14,18,32,41,45,20,15,19,19,20,16,16,17,17,18,18,15,15,15,15,16,16,25,19,19,21,22,16,20,16,15,13,28,25,27,30,29,23,28,23,27,22,27,27,24,23,25,24,19,19,18,15,24,19,22,22,17,29,29,14,21,33,27,30,24,22,15,24,23,20,29,29,32,32,36,30,24,24,24,27,30,33,32,33,36,26,25,17,23,23,20,20,24,31,23,31,26,27,21,24,26,31,26,23,23,22,21,26,25,29,26,26,21,21,13,13,16,34,37,38,37,22,16,14,15,17,17,13,14,14,9,23,16,33,34,25,32,13,10,28,14,13,19,18,31,34,30,22,13,18,38,29,39,33,40,43,20,34,25,25,14,27,20,30,21,21,31,25,26,39,35,26,21,25,19,33,29,32,26,29,17,19,22,40,25,25,25,29,26,21,23,24,25,27,24,25,31,30,33,35,18,25,27,27,38,35,36,30,31,39,43,34,17,30,23,23,23,22,17,17,17,29,39,30,32,34,39,23,20,24,23,23,25,31,31,25,25,25,25,28,29,26,26,26,26,26,26,26,28,29,33,44,57,52,39,39,39,39,44,44,43,41,28,47,45,55,66,33,33,33,32,32,32,36,33,37,27,45,45,47,51,52,84,73,53,32,42,39,35,37,32,33,39,43,60,63,68,69,40,38,50,54,44,45,40,6,17,15,51,33,39,39,55,53,39,51,44,48,48,41,41,46,39,18,18,21,21,51,47,45,43,46,58,42,43,42,53,42,41,39,47,49,50,29,45,53,53,40,48,45,40,24,66,84,71,51,79,64,64,40,42,52,40,13,19,18,18,18,18,12,20,25,17,31,20,11,3,8,19,19,14,13,20,12,7,8,8,8,11,7,9,47,24,12,12,12,14,16,12,12,15,17,13,14,14,19,14,23,20,16,20,30,30,25,17,19,23,20,17,22,25,29,22,29,28,31,21,21,14,17,27,32,31,34,33,33,40,40,30,33,33,33,29,33,30,30,37,26,30,37,29,29,34,37,17,20,30,18,33,15,28,30,29,32,34,34,33,44,38,38,38,31,31,31,29,29,34,27,27,31,30,29,29,30,28,28,30,31,32,27,36,33,40,33,30,22,28,23,30,31,40,26,39,26,36,27,36,42,42,43,43,45,32,23,23,27,26,27,30,37,32,32,32,25,25,23,27,25,31,25,32,25,19,33,26,24,24,31,26,26,26,30,36,30,27,20,20,23,23,21,21,12,13,26,23,20,32,28,36,32,27,27,29,41,21,33,23,27,27,26,27,27,19,27,21,30,31,24,38,19,19,24,30,35,28,15,33,17,25,30,24,24,26,26,30,30,24,24,30,20,24,24,20,20,20,14,14,33,34,11.48007925,26.34798995
2001,37,33,32,20,27,25,28,27,27,21,32,24,24,23,23,28,27,19,20,24,27,30,20,24,23,24,22,31,34,24,22,18,22,22,19,21,22,22,21,29,29,21,28,31,31,27,29,22,21,22,21,22,22,21,19,28,31,34,31,22,17,22,31,28,27,33,33,36,31,34,27,25,18,24,21,19,24,20,17,15,20,14,18,24,13,29,24,21,20,20,20,19,23,20,24,20,24,20,20,20,25,24,20,20,20,17,17,23,20,21,25,21,27,29,25,28,25,26,22,26,19,22,28,30,28,23,22,29,28,28,27,27,32,18,18,16,19,16,16,19,16,19,19,19,19,18,20,19,22,22,14,27,19,20,20,24,24,10,25,23,26,21,16,16,15,16,15,19,19,19,20,20,19,17,18,18,8,19,15,20,17,18,18,6,7,21,21,24,15,14,17,17,18,16,22,18,27,19,27,28,31,18,18,18,25,24,15,24,16,14,23,22,24,24,24,25,24,25,22,21,28,29,13,31,37,29,27,31,14,31,25,18,14,19,13,13,17,13,17,23,25,31,33,34,37,36,25,27,20,14,14,14,26,23,22,35,46,34,38,34,40,36,36,29,36,36,33,27,33,34,34,31,21,24,21,18,17,26,19,17,22,26,22,25,25,30,23,28,28,24,17,27,25,24,25,28,29,24,24,24,24,21,20,21,35,34,38,33,31,23,34,24,29,27,25,22,29,27,21,26,32,32,27,30,26,26,28,23,27,21,33,32,29,27,28,30,29,36,27,41,35,39,33,30,21,21,20,15,31,28,20,34,29,33,22,23,23,21,19,20,17,24,27,22,19,24,21,19,23,21,19,12,12,12,12,12,10,16,19,17,16,15,10,20,20,19,14,22,22,23,21,22,19,14,12,12,24,40,30,28,29,27,26,26,23,28,26,27,16,15,9,21,25,27,12,12,11,12,12,14,15,15,15,15,15,15,15,18,12,12,12,15,15,15,15,11,11,11,8,10,14,12,12,12,12,13,13,15,12,17,12,12,13,17,23,21,20,21,21,21,21,21,18,7,22,14,6,9,9,19,12,3,3,3,3,3,3,3,3,3,3,7,6,7,6,0,3,6,3,7,16,11,18,19,13,44,29,34,12,38,39,43,42,33,31,34,27,20,34,41,30,30,30,25,43,37,37,31,39,38,43,40,40,44,29,34,31,40,36,17,36,23,16,16,30,44,44,39,35,20,39,47,33,38,33,33,40,42,43,45,52,71,58,48,39,30,36,56,12,15,62,35,3,7,19,27,32,24,19,20,21,6,9,9,9,9,10,21,34,15,12,9,12,7,10,4,11,4,7,10,18,8,4,8,8,4,7,7,4,4,10,4,4,4,7,7,9,4,4,9,4,4,4,9,7,4,7,10,7,7,10,13,10,11,11,4,4,4,10,10,7,10,7,11,10,10,10,10,4,10,10,4,4,4,7,7,4,11,4,10,11,7,7,11,14,14,14,14,8,8,17,10,10,7,8,8,14,4,7,8,4,7,9,8,17,10,8,7,10,6,14,7,8,7,8,8,8,8,10,11,11,14,15,14,14,15,15,12,14,7,7,10,10,9,9,7,13,13,10,18,14,8,15,15,12,12,9,15,12,18,24,18,13,16,24,17,25,14,17,16,16,17,16,17,16,16,17,17,12,18,17,18,10,11,13,17,14,16,16,14,13,13,14,10,10,11,11,14,14,10,11,16,13,13,13,14,4,4,7,10,14,13,7,10,7,19,19,22,24,19,19,22,22,24,20,19,16,22,23,17,17,16,19,15,10,9,9.917825021,19.86809045
2002,27,35,37,31,33,37,34,39,28,49,38,38,34,37,39,39,29,34,32,43,33,40,36,30,29,34,29,47,40,39,29,32,41,40,34,30,36,39,40,34,32,35,32,33,33,49,49,37,37,38,38,37,37,41,39,41,40,37,42,40,43,48,39,40,44,48,48,45,44,45,42,48,32,31,38,36,31,36,37,44,36,30,39,33,43,46,31,25,24,26,27,40,32,28,29,26,30,33,37,41,36,42,40,37,38,34,34,41,38,45,48,41,30,28,48,51,36,43,43,45,33,44,48,41,40,46,47,41,39,35,47,43,19,24,28,25,20,20,20,31,26,31,31,26,28,25,19,25,25,36,16,41,33,35,43,39,35,33,38,36,30,33,20,20,20,20,23,23,23,23,23,23,24,19,24,25,24,31,18,35,23,26,23,11,11,31,14,15,17,17,20,23,23,21,34,26,35,20,32,32,32,26,29,28,34,31,34,33,30,24,24,26,29,25,29,23,30,30,37,35,37,43,24,25,15,19,24,20,27,21,23,34,27,35,31,33,40,31,36,20,36,32,33,33,40,40,31,39,38,34,30,25,24,27,34,30,30,33,30,33,29,31,33,28,34,34,31,32,29,32,27,34,22,22,24,25,27,26,27,26,17,25,22,27,24,22,25,25,25,24,27,28,29,28,30,28,31,28,25,25,29,30,36,12,23,19,16,16,17,22,10,14,20,21,17,17,19,22,23,22,21,22,17,21,21,19,21,24,19,24,29,22,25,21,16,19,23,49,35,38,28,29,27,30,39,40,40,28,29,30,31,29,49,31,23,23,23,30,28,23,24,23,24,23,27,22,21,22,19,20,16,3,3,3,7,11,15,17,17,17,10,14,9,18,18,16,14,22,19,18,19,4,16,33,34,33,31,32,22,24,22,22,23,23,24,22,20,23,32,20,19,15,15,18,17,15,17,11,11,17,18,18,16,16,16,16,16,5,15,9,9,16,16,16,15,3,9,18,14,17,12,15,15,15,15,3,3,8,8,5,4,7,10,14,3,3,3,3,3,6,3,3,3,0,12,7,4,12,9,28,30,19,3,3,3,7,3,3,5,15,6,28,26,22,19,8,8,9,5,10,55,16,42,38,42,45,42,44,44,53,56,51,59,44,49,52,45,57,56,56,21,21,21,21,50,42,45,26,40,30,42,41,42,44,34,34,34,39,38,49,49,58,40,40,35,32,32,38,32,53,26,29,35,63,44,39,25,19,28,28,27,41,29,29,29,24,24,30,20,21,46,16,19,10,21,15,11,15,20,18,29,16,28,31,31,19,21,28,44,45,11,17,24,23,27,17,24,23,24,14,14,19,14,19,21,20,21,19,20,20,14,21,16,16,17,23,17,23,33,14,28,26,23,20,24,20,26,26,26,27,28,25,23,25,23,28,27,27,24,21,26,23,27,18,23,23,21,25,26,28,31,23,23,23,23,24,23,28,28,26,25,28,32,28,32,32,30,30,31,30,28,30,30,27,27,28,28,28,27,29,28,32,32,29,28,26,21,21,23,23,25,36,39,34,28,26,25,24,30,27,28,25,32,25,30,29,31,31,29,33,23,26,32,29,29,32,32,29,29,33,33,32,23,23,20,23,28,32,28,37,35,38,26,29,38,32,41,38,35,36,32,32,28,25,28,25,21,21,20,23,25,21,20,23,24,19,22,22,22,25,25,24,26,26,24,24,27,27,29,24,24,29,24,21,24,20,16,16,22,26,24,26,27,26,24,20,25,25,28,20,21,21,21,28,25,21,20,21,28,21,21,18,32,22,23,23,10.44463892,27.17713568
2003,12,17,14,9,6,10,10,9,6,13,11,10,7,10,12,9,6,6,6,17,7,12,9,7,7,7,7,11,14,7,11,8,14,8,8,8,8,8,7,8,7,8,7,7,12,10,9,14,7,17,7,18,18,11,14,8,8,9,11,10,4,7,7,7,9,8,8,10,10,10,10,6,10,10,12,19,15,12,11,8,13,10,11,10,8,5,5,11,5,9,12,8,6,9,6,9,6,6,6,6,6,6,6,6,6,6,6,6,6,6,9,6,7,7,9,10,13,13,10,13,13,10,16,13,16,13,10,13,7,10,6,5,8,4,4,7,7,7,7,7,7,7,7,7,7,7,7,10,7,15,26,16,7,3,3,3,3,0,3,11,5,5,11,11,7,4,5,4,4,4,5,8,5,5,8,5,7,6,6,6,6,6,6,10,10,7,8,5,5,5,11,10,9,9,12,12,15,9,9,9,12,12,12,12,12,12,12,10,17,6,12,16,19,18,21,17,15,16,9,7,7,7,9,24,24,14,17,14,6,17,20,16,13,4,4,0,7,10,12,6,7,7,11,10,42,39,26,28,27,25,24,26,28,29,27,30,33,21,34,36,30,36,33,11,28,33,28,18,27,27,22,30,22,16,6,3,10,10,13,7,9,4,6,10,10,8,10,9,10,7,11,12,18,15,18,15,11,21,22,18,15,9,9,38,43,46,44,45,42,42,35,31,40,51,44,45,45,29,32,40,34,35,40,38,41,38,39,40,45,28,34,41,39,35,36,30,29,30,35,47,49,50,49,37,54,46,46,47,41,34,45,24,34,33,33,29,30,28,27,26,22,19,25,19,18,22,23,9,6,9,19,21,23,23,29,30,27,19,21,22,22,28,25,23,23,22,17,15,17,14,20,17,19,59,58,57,32,47,37,36,37,36,38,38,34,41,38,38,51,43,39,24,24,17,22,27,29,22,26,22,27,27,28,27,30,30,27,25,29,29,29,28,29,26,25,18,19,34,34,31,34,23,23,23,23,25,26,18,20,16,10,10,10,10,17,18,17,15,15,15,18,18,21,16,21,18,12,24,18,15,11,9,16,22,14,17,16,14,13,6,16,12,12,16,15,9,9,10,11,12,75,45,43,47,46,60,51,49,54,70,71,71,76,55,63,64,63,75,74,66,44,44,46,47,60,47,46,48,45,39,47,49,50,50,52,55,49,51,48,71,65,71,66,60,43,60,60,69,46,63,57,65,50,49,46,46,61,52,52,55,61,43,43,36,35,46,46,54,42,26,54,22,22,23,31,56,48,52,36,38,34,39,26,26,26,29,35,42,60,44,34,37,34,42,46,34,40,29,37,48,38,42,37,43,49,37,39,43,47,36,37,31,42,26,31,33,24,22,30,25,24,32,33,26,29,29,27,30,39,39,34,33,32,31,28,29,32,32,32,43,35,41,41,37,37,37,37,29,29,35,33,30,29,29,26,26,26,26,26,37,29,32,32,32,30,33,26,23,26,21,37,23,23,34,33,32,40,26,26,29,20,32,32,23,40,24,27,30,27,24,41,23,24,24,27,26,23,17,48,56,45,45,45,45,48,45,47,50,42,31,26,24,35,36,33,22,35,35,35,42,45,46,41,37,39,39,40,42,40,41,48,48,44,56,65,67,70,64,51,36,45,50,38,42,41,39,33,35,40,37,37,36,44,43,28,31,32,36,32,28,31,37,37,43,41,39,36,36,35,46,39,38,31,33,31,31,36,36,33,43,40,40,37,34,27,38,39,38,38,33,30,37,39,37,42,33,30,41,41,42,40,33,38,34,27,27,16.24346345,26.15577889
2004,4,6,9,7,6,6,9,9,6,11,14,7,3,3,6,6,6,9,9,11,9,9,9,6,9,9,6,14,13,10,9,9,11,9,10,13,11,11,13,13,14,10,11,10,10,15,14,11,10,14,11,12,12,14,11,15,15,10,16,10,11,14,12,16,15,12,9,15,16,13,14,14,7,10,14,15,11,8,7,9,7,7,7,13,11,13,12,8,9,11,11,10,19,25,24,17,25,16,19,16,16,19,19,19,19,16,16,27,21,26,26,23,17,23,19,27,23,21,20,20,18,19,17,15,18,21,21,17,24,21,17,13,11,14,14,15,14,14,14,14,14,14,14,14,13,14,15,13,13,5,4,14,7,4,8,4,4,0,4,7,14,14,14,14,13,14,14,14,14,14,14,14,14,13,10,10,14,17,13,14,13,10,10,16,15,22,11,17,14,13,11,13,0,0,8,8,5,9,12,12,7,8,8,8,8,8,9,9,8,7,10,7,10,15,13,8,13,14,12,8,18,20,12,0,8,6,3,6,13,16,13,15,12,6,6,8,11,13,12,6,7,6,7,7,7,7,10,4,3,6,7,8,7,14,13,9,9,8,4,9,4,5,7,12,7,7,7,6,3,7,3,4,5,5,12,12,8,7,7,8,13,13,16,10,10,13,8,14,6,8,6,10,13,13,13,10,15,13,13,13,12,12,13,10,20,24,21,21,22,7,19,18,17,19,20,20,11,0,0,7,21,18,20,22,9,10,20,0,11,6,6,17,14,18,13,0,3,4,6,28,15,22,15,13,28,23,24,24,27,24,28,4,7,6,6,10,9,9,6,6,5,13,9,7,6,13,13,16,18,20,11,6,6,6,5,5,9,7,10,7,5,6,5,11,7,10,8,16,16,11,12,5,11,27,25,25,6,16,16,15,15,15,16,16,15,15,15,15,22,14,11,8,7,9,6,5,5,5,5,5,2,2,5,5,5,5,2,5,5,5,5,8,8,8,5,6,5,18,18,15,15,16,16,16,15,4,4,10,8,6,3,3,6,11,6,12,9,9,9,9,12,9,6,5,7,9,3,12,13,22,23,14,8,12,15,13,13,13,16,16,15,19,21,16,18,13,15,14,13,8,25,18,32,23,29,31,25,36,30,40,43,30,33,37,40,40,32,28,36,31,18,18,19,25,36,34,34,26,28,24,36,33,36,36,29,30,29,32,29,39,43,43,32,32,16,24,24,32,29,20,25,28,34,29,29,29,25,21,22,23,28,31,18,12,12,27,24,26,32,35,45,29,21,20,27,35,27,21,21,21,23,22,29,29,27,24,23,39,32,17,18,21,12,8,3,15,17,24,22,13,8,9,14,12,21,25,18,15,23,23,14,28,15,19,19,14,17,15,16,17,14,20,21,14,14,16,14,14,11,11,11,11,12,11,11,14,15,16,14,13,11,10,11,15,15,14,15,11,11,11,8,16,19,19,21,16,21,17,14,15,16,11,11,11,13,14,12,8,11,8,14,7,8,16,16,11,16,12,11,11,12,10,12,17,13,11,19,20,15,14,14,12,17,17,16,17,17,15,15,18,16,10,11,15,12,12,11,11,11,12,13,16,12,18,18,15,15,15,15,12,16,16,9,8,16,16,12,13,13,11,15,11,16,12,11,11,8,12,12,13,16,15,15,15,15,12,15,16,14,10,12,12,16,12,14,13,13,13,13,13,9,14,15,17,10,13,13,13,15,10,13,16,14,14,14,3,17,17,17,17,14,17,14,17,18,6,9,9,12,6,9,9,11,15,12,9,6,15,15,15,15,6,10,7,15,14,7.509153274,14.09798995
2005,30,21,25,3,29,40,31,29,22,34,34,36,26,29,32,38,25,17,20,31,22,38,29,19,19,25,19,47,37,27,32,37,31,37,28,38,37,40,36,24,25,36,25,27,28,21,12,30,29,36,28,37,36,39,44,17,16,21,32,38,31,34,31,20,21,13,16,32,31,21,20,28,33,24,42,47,43,32,27,28,33,25,32,24,28,21,6,23,21,18,16,21,12,11,15,3,8,8,8,7,3,7,8,3,6,3,3,13,13,16,19,10,16,15,27,25,34,30,29,29,33,31,33,25,29,28,27,34,33,37,33,29,26,19,23,20,25,22,22,21,22,22,22,21,26,29,22,26,29,5,7,10,7,13,14,11,10,14,14,13,17,25,25,25,25,21,20,25,19,25,25,25,23,15,23,23,4,10,22,23,22,21,22,28,21,25,26,24,24,7,21,19,38,38,34,37,40,31,30,35,29,30,33,30,35,32,35,36,23,28,32,32,29,34,34,18,26,29,24,21,26,30,24,34,33,37,32,32,30,65,28,25,33,39,37,29,22,33,32,32,41,40,36,38,17,17,22,23,20,21,17,19,13,22,16,23,26,20,22,23,22,29,34,43,33,33,32,43,16,21,18,14,20,28,22,26,32,32,32,29,33,30,29,34,33,29,31,38,33,31,34,29,29,26,31,35,34,30,30,30,26,28,26,33,26,21,23,26,30,27,30,25,27,25,27,26,26,15,11,20,29,33,26,29,16,24,32,17,22,20,24,28,24,22,16,17,24,21,16,31,29,31,33,24,34,36,33,31,24,27,32,19,12,18,23,12,5,5,12,12,17,19,11,21,15,25,25,20,21,34,35,29,27,27,31,32,32,25,25,26,33,31,26,26,26,24,30,24,26,27,27,30,34,34,33,34,26,22,22,24,22,22,29,29,25,26,27,28,30,35,22,16,15,13,20,28,28,23,27,27,31,31,38,38,38,38,35,38,43,41,41,37,35,36,39,31,32,28,20,22,20,17,18,18,18,27,30,29,28,29,25,25,23,28,16,16,16,6,6,16,16,16,20,24,18,33,14,30,31,47,47,35,45,42,41,49,42,41,42,51,46,58,49,47,47,46,53,55,54,28,37,36,25,21,23,30,29,32,25,19,22,24,28,27,27,29,28,34,29,30,31,30,21,19,19,22,22,26,28,26,18,22,17,25,26,26,26,25,25,31,21,35,30,34,30,36,36,30,26,53,29,32,26,22,27,28,23,20,20,21,21,20,17,14,14,22,19,18,20,27,39,23,27,32,33,25,19,16,38,27,26,25,32,32,30,24,25,28,26,33,19,22,34,23,24,18,12,18,15,25,27,29,17,26,28,23,22,23,23,20,15,18,23,18,18,18,15,17,20,18,17,21,18,16,16,18,15,18,11,11,13,12,11,8,4,19,22,22,19,15,10,10,11,19,15,15,18,16,15,12,14,25,27,27,27,27,27,26,22,22,26,14,11,11,19,18,17,18,17,17,13,19,18,15,15,18,15,15,15,15,15,19,19,15,15,7,15,15,18,12,14,19,18,19,19,15,15,20,16,19,16,16,19,16,19,16,16,16,17,17,27,24,20,25,25,16,23,23,23,19,19,21,19,18,22,22,22,23,25,22,19,25,20,23,17,17,18,23,19,19,16,19,20,20,20,20,15,15,18,19,18,15,12,23,3,7,7,8,8,10,7,3,12,15,18,15,12,12,6,18,12,6,7,7,3,4,20,20,18,15,12,12,15,16,18,19,21,21,23,21,22,21,21,23,23,21,17,24,23,24,23,18,37,35,15,18,9.158319719,24.09798995
2006,21,27,27,16,27,30,29,23,14,33,38,23,21,28,26,23,17,20,20,35,17,28,17,9,9,17,18,33,24,30,25,29,27,27,29,27,29,29,25,32,24,29,13,16,13,21,18,26,27,35,25,29,18,32,33,29,32,14,19,22,24,28,17,23,15,10,10,15,15,15,15,21,21,19,24,23,30,23,22,17,25,13,35,16,35,20,19,26,24,30,20,27,25,29,28,23,29,27,27,25,19,19,23,30,15,23,22,33,29,36,30,34,26,31,31,18,19,26,20,24,21,20,28,22,20,23,21,27,29,25,20,17,25,41,39,43,44,39,39,42,40,43,43,43,44,44,37,34,42,12,28,10,6,7,4,7,4,5,7,22,12,27,38,38,41,44,38,42,39,39,37,37,38,27,34,33,29,22,25,35,32,23,33,50,54,50,43,39,38,29,40,50,27,27,24,24,23,23,21,25,25,21,22,22,23,24,23,26,32,21,27,31,27,28,30,20,29,29,28,24,33,35,53,32,29,27,23,26,27,25,20,27,29,19,19,22,23,21,29,29,39,37,29,25,29,28,22,23,24,24,17,16,26,23,26,33,33,24,32,34,43,33,29,28,29,30,30,29,24,37,34,26,30,32,28,23,23,26,26,25,31,30,28,28,28,29,27,30,25,32,28,32,32,33,35,33,33,28,33,32,29,29,29,19,26,32,38,35,21,27,28,27,36,31,27,32,32,14,17,26,35,35,37,32,26,31,36,23,31,24,27,39,44,38,38,16,25,37,32,26,29,28,29,23,24,24,24,32,32,32,32,20,31,29,28,35,38,34,46,36,31,24,50,44,45,41,41,38,42,48,33,37,51,51,51,55,50,50,50,50,49,51,42,33,36,41,27,46,39,34,36,29,39,25,29,29,19,21,21,22,21,21,21,21,21,22,24,24,27,22,33,53,48,37,47,55,59,50,54,59,60,63,59,59,59,62,70,63,59,67,67,63,68,63,67,57,72,38,46,38,47,48,48,48,48,45,45,45,49,62,41,44,42,45,42,33,46,29,29,30,44,44,50,59,31,49,36,42,47,27,18,43,54,67,81,84,68,71,72,61,68,35,22,47,33,43,52,56,49,46,13,36,16,16,21,24,20,16,17,12,17,22,14,18,18,16,22,17,14,14,20,20,23,25,19,22,22,20,23,22,18,18,18,22,23,25,32,26,29,9,4,11,9,9,13,31,31,33,23,17,15,17,17,18,23,23,16,16,24,17,23,25,27,24,22,25,25,17,43,39,48,35,22,16,30,28,19,16,19,12,23,31,18,17,21,17,31,20,14,19,26,38,29,31,25,26,34,41,38,32,18,36,32,36,36,48,26,37,42,43,33,35,38,40,37,34,25,17,18,24,31,29,31,23,27,34,32,34,20,20,20,20,20,23,21,21,20,20,26,25,22,22,22,20,24,22,20,18,18,21,19,18,17,17,23,20,23,15,16,21,15,19,18,11,19,16,16,16,6,15,27,12,7,17,12,3,24,10,3,6,10,9,9,10,25,22,16,13,13,25,30,18,19,19,13,15,10,13,13,17,16,16,18,16,21,22,22,21,18,16,23,15,13,16,16,21,20,20,20,25,24,22,26,25,27,21,28,23,25,29,30,30,18,20,16,20,25,24,26,25,26,26,29,31,28,28,28,28,25,30,25,28,29,24,23,28,30,16,27,24,25,29,25,34,40,22,22,22,19,27,22,24,28,26,28,23,38,38,31,30,24,31,37,34,29,27,28,24,22,27,26,28,28,20,34,29,27,23,23,27,27,34,19,21,13,16,12.07881326,28.47738693
2007,33,33,33,33,27,39,38,30,26,37,34,33,24,29,30,34,29,27,27,29,24,35,25,21,21,24,19,35,37,24,31,33,26,30,30,31,30,31,37,28,28,34,34,34,26,26,27,27,24,31,30,42,40,38,31,30,28,26,36,35,38,33,40,30,27,32,32,39,42,38,27,28,26,28,35,31,34,38,25,28,21,30,32,30,27,29,30,27,29,37,30,31,22,54,44,26,32,28,28,30,33,25,25,30,30,26,26,25,25,30,38,34,46,39,36,37,50,63,58,58,52,60,61,56,46,63,67,61,53,39,49,48,52,52,51,53,61,58,57,61,58,62,62,56,62,65,41,38,59,38,21,37,10,18,21,20,18,11,22,33,25,38,57,57,61,59,57,56,51,55,55,55,52,50,54,55,54,46,37,39,38,41,46,64,78,64,61,64,59,49,58,58,23,19,36,23,30,27,28,28,30,21,24,24,36,31,32,31,51,59,35,35,40,40,51,36,39,41,52,52,67,61,63,29,31,38,38,37,22,36,38,39,34,31,34,28,27,38,27,20,29,30,35,35,11,12,15,14,15,13,12,13,12,14,25,30,28,10,20,19,20,31,28,25,28,28,28,38,8,12,19,11,21,19,26,27,25,31,29,20,18,22,20,24,24,25,39,21,25,28,30,29,31,45,40,28,25,39,40,40,39,44,44,39,59,61,59,57,47,16,24,22,16,16,26,27,20,11,11,11,43,38,25,29,18,26,25,11,17,17,19,30,33,27,24,11,8,15,15,27,35,39,41,10,27,37,34,29,19,21,25,4,14,16,12,18,12,12,13,18,12,20,13,17,13,30,31,30,40,44,33,15,17,17,20,23,19,19,19,19,18,16,21,27,27,22,28,43,40,35,34,13,31,23,26,26,15,14,18,21,18,18,20,20,24,24,25,25,27,22,16,11,11,11,24,20,26,17,20,17,15,15,17,16,16,16,12,15,17,16,16,16,12,12,15,15,15,23,28,23,21,17,17,17,17,12,12,15,8,12,17,17,51,50,4,7,4,4,4,4,4,4,7,7,8,15,19,27,26,24,16,0,3,13,13,9,13,13,6,0,11,6,9,6,6,7,8,7,7,5,26,22,30,32,31,44,32,25,19,16,26,27,24,30,31,36,37,30,29,31,63,63,61,59,31,34,34,34,34,34,29,19,32,28,40,38,45,36,37,42,4,32,34,33,33,51,51,54,36,19,29,42,34,35,35,35,43,30,40,28,29,14,19,15,15,17,20,24,26,26,23,29,9,11,20,56,51,42,43,43,12,8,13,12,9,11,9,11,24,34,19,23,34,29,30,16,34,23,17,23,49,29,32,29,42,46,42,27,38,38,29,34,30,35,33,33,47,34,39,47,34,25,27,38,35,35,28,34,36,36,34,34,34,40,38,32,32,31,28,28,32,35,37,30,27,33,27,35,38,35,29,38,39,39,38,35,38,30,28,29,33,31,31,25,32,33,29,31,25,28,26,31,32,28,28,26,26,26,29,29,26,32,30,29,30,28,28,28,28,37,36,32,29,30,25,29,29,23,25,24,26,27,29,26,25,29,29,29,21,41,35,38,47,45,48,32,40,40,40,31,32,34,52,49,45,42,48,46,40,40,41,39,42,41,37,34,33,40,42,39,42,40,34,34,31,30,30,30,34,31,31,33,26,31,29,33,33,34,34,32,36,35,26,22,26,29,30,30,30,28,30,26,30,31,30,29,30,30,32,28,26,24,28,35,32,28,34,35,32,31,31,37,37,34,32,37,27,37,34,39,38,34,41,36,28,30,12.87635193,30.36809045
2008,21,21,19,13,11,15,15,13,11,16,15,15,11,15,15,15,11,10,8,15,13,15,11,7,7,13,7,24,20,17,17,18,13,17,17,18,17,17,20,21,14,19,19,20,15,20,22,17,22,19,22,17,17,15,21,15,18,15,24,19,16,19,19,18,19,7,13,14,19,18,19,19,22,19,23,19,23,17,23,25,24,21,23,20,22,14,14,15,13,12,13,11,9,12,12,13,13,8,11,11,11,14,8,11,8,11,11,13,12,16,17,16,16,16,20,22,20,19,18,20,20,18,18,20,23,20,20,18,23,10,24,23,20,15,15,14,14,14,14,15,14,15,15,15,15,15,18,19,15,21,8,11,8,15,20,16,12,7,12,17,15,22,14,14,15,15,13,15,15,15,15,15,15,16,15,15,15,13,18,26,19,19,19,12,17,18,14,13,14,16,16,16,25,25,20,24,26,22,20,21,22,24,26,24,22,21,21,19,21,24,10,13,13,12,15,14,9,9,8,15,15,12,11,6,13,14,15,14,17,29,23,21,26,22,14,19,19,20,20,22,21,21,24,26,4,5,3,3,3,3,3,3,3,3,0,10,4,7,4,4,7,7,10,8,10,10,10,12,4,4,10,6,10,8,10,14,12,13,11,11,8,11,8,8,8,8,11,11,11,8,11,9,11,9,12,10,10,11,11,11,9,13,9,18,11,13,9,9,13,6,9,9,5,5,9,9,6,0,0,5,6,5,11,5,5,6,6,5,5,3,9,6,6,6,6,3,5,4,7,12,9,19,12,22,16,6,6,15,15,18,17,4,4,6,6,3,6,6,6,7,10,6,3,7,6,7,7,6,4,4,11,7,7,7,7,6,3,7,3,6,6,3,6,3,3,3,4,8,3,7,3,7,11,14,13,13,10,23,21,20,21,21,21,21,20,20,20,20,13,19,13,5,6,7,12,7,7,10,10,10,7,7,10,10,10,10,7,7,7,7,7,10,10,10,7,8,7,15,11,6,8,5,5,5,5,7,7,8,7,8,7,7,9,7,14,17,14,11,11,11,14,11,8,14,8,14,13,14,15,12,3,15,6,6,12,14,9,12,6,9,12,13,13,21,21,31,32,24,25,20,13,11,6,10,11,15,10,8,6,3,14,16,15,16,15,16,15,12,16,16,18,18,19,19,12,15,15,15,9,11,7,8,9,15,20,20,19,17,19,16,0,13,15,15,15,16,16,18,12,3,12,9,17,15,19,19,17,15,15,16,21,31,24,23,19,18,19,28,43,39,34,33,16,13,23,20,20,18,19,18,19,12,19,19,27,14,18,18,6,6,12,14,15,10,8,16,10,14,12,14,7,11,11,11,11,11,11,11,11,11,10,13,11,7,13,15,11,11,12,10,11,20,20,13,13,10,13,13,13,13,13,13,15,14,14,17,20,20,21,14,13,17,17,18,15,15,18,11,14,14,14,15,15,15,14,16,14,20,17,16,20,14,14,14,16,15,19,14,15,14,10,20,21,10,10,10,12,14,16,14,14,20,17,14,13,10,9,9,9,17,16,20,20,20,23,17,18,20,18,20,21,25,17,24,18,21,18,18,27,11,13,14,14,19,19,15,18,21,24,23,21,24,11,13,17,13,14,20,18,19,20,18,24,24,26,25,25,27,21,24,24,23,10,10,10,10,11,11,11,10,10,7,10,10,7,14,11,7,7,8,10,11,10,11,11,11,11,10,10,11,11,10,10,14,10,14,11,11,14,12,10,13,14,18,13,7,7,7,10,7,7,7,10,10,10,7,4,10,13,6,10,4,16,12,9,13,5.986773423,13.63819095
2009,11,12,12,9,12,16,12,13,12,10,10,11,8,9,12,12,12,11,11,9,7,8,8,10,8,7,8,10,10,8,11,11,8,8,10,11,11,11,8,5,5,11,10,14,7,7,7,8,9,8,7,12,11,9,9,4,4,7,7,8,4,4,4,4,7,4,4,4,4,4,7,7,7,4,8,8,9,10,5,4,5,4,5,5,7,8,7,8,11,14,7,7,6,14,8,9,9,8,8,7,7,7,7,7,4,10,10,9,8,8,8,7,13,13,8,10,8,14,8,12,8,8,13,7,7,14,14,14,10,9,10,8,14,17,17,10,14,11,11,10,11,10,10,10,14,13,13,12,13,38,47,32,25,29,40,31,30,11,36,38,8,12,11,11,14,17,18,17,14,17,17,17,17,13,17,17,6,15,15,8,12,17,12,15,18,17,18,18,17,13,10,12,10,11,10,10,14,8,17,14,10,10,7,10,7,10,7,8,6,9,12,13,15,10,9,6,9,14,13,10,17,16,22,17,15,25,16,17,6,9,12,9,9,6,7,6,9,9,7,7,7,8,9,9,0,3,17,10,13,14,17,20,17,11,20,8,8,3,3,6,3,10,7,6,8,7,6,9,3,6,6,3,6,9,10,6,10,10,10,9,11,6,8,11,11,6,9,0,14,6,6,14,11,7,12,6,9,9,9,10,10,7,9,18,17,20,16,13,15,8,9,12,18,19,12,12,14,13,8,12,17,17,14,17,12,14,17,9,17,12,9,17,11,12,15,9,9,6,6,13,13,12,12,16,19,3,6,9,10,14,15,3,3,9,6,6,12,12,12,6,9,9,12,10,10,14,17,15,18,15,12,9,6,6,6,6,10,6,6,6,10,10,10,15,15,13,15,13,20,13,20,11,16,16,15,15,25,25,23,20,23,20,24,24,23,20,20,20,21,16,18,13,17,6,10,6,6,10,6,13,7,6,6,9,9,9,9,12,9,12,12,9,15,12,12,12,12,29,31,34,30,22,22,17,17,16,15,20,10,9,14,14,25,25,27,27,27,30,30,27,27,27,30,20,16,18,6,16,19,37,31,30,34,25,28,26,32,35,31,43,29,53,46,58,52,80,75,79,79,43,18,22,3,6,10,11,11,15,6,7,7,18,14,7,7,7,7,12,14,17,10,10,21,17,10,10,14,14,10,15,3,3,6,10,16,13,22,16,19,23,3,9,25,22,24,29,29,20,9,17,34,35,23,36,32,32,0,9,9,3,22,21,32,21,21,20,22,25,40,41,34,39,28,18,20,18,9,9,19,7,26,18,25,25,22,20,21,16,10,3,8,10,8,14,10,8,8,11,8,8,8,10,4,10,4,9,9,10,9,9,7,7,10,8,7,7,11,17,14,14,13,7,7,18,14,8,7,10,17,17,17,24,26,22,18,10,10,10,10,10,13,10,13,10,14,14,14,16,16,20,20,14,17,14,17,10,14,10,10,13,10,18,18,20,7,13,7,13,14,13,10,9,13,26,28,24,12,19,23,22,19,22,25,25,15,22,28,28,29,25,25,10,10,9,15,20,15,12,15,17,15,19,13,19,18,18,18,18,15,13,16,16,16,17,17,10,10,10,10,18,17,14,14,14,14,14,14,17,14,10,11,11,14,15,11,11,11,11,14,9,12,12,8,9,11,11,11,10,14,11,11,13,11,7,20,15,22,22,22,19,21,32,12,8,7,10,12,12,9,7,9,13,24,29,27,17,10,10,10,12,7,7,7,7,7,10,7,7,11,10,7,7,7,7,9,7,10,7,9,7,7,10,14,13,29,25,9.011734478,13.85929648
2010,30,34,37,34,36,37,34,32,30,31,29,40,30,31,35,39,29,32,33,34,28,34,31,30,29,33,29,32,32,33,43,37,25,32,33,45,42,43,37,38,43,44,38,43,30,43,45,34,37,35,36,37,37,38,31,30,30,29,37,36,39,36,34,30,44,24,25,30,27,30,43,33,34,37,34,33,37,29,38,29,34,27,36,37,30,22,29,27,30,33,41,36,40,55,43,44,44,41,41,33,28,28,37,41,37,40,40,43,43,47,48,46,41,45,38,57,54,49,46,50,52,46,49,41,42,44,50,49,31,35,21,24,31,41,38,39,30,31,31,34,31,33,34,29,31,30,30,30,31,41,26,19,28,33,38,37,38,18,32,42,38,30,31,33,30,38,28,35,35,35,32,32,30,29,31,31,32,36,34,31,34,35,42,54,53,41,44,41,42,32,40,43,29,24,29,31,25,29,34,26,24,20,21,21,37,42,28,30,33,35,34,34,34,31,34,29,33,34,33,36,50,49,47,37,40,52,37,40,31,27,30,27,29,22,26,31,29,32,21,26,32,33,33,33,16,16,10,12,15,12,12,15,11,10,12,27,23,22,20,24,19,29,22,15,22,22,22,18,24,21,19,17,16,12,18,27,26,30,26,28,22,30,21,21,25,24,25,21,21,22,15,32,25,26,22,20,20,30,30,31,29,32,34,19,17,13,13,13,14,6,16,17,15,11,11,11,9,6,3,6,10,10,14,10,10,13,11,10,11,11,3,7,10,9,7,7,4,15,12,13,14,17,10,10,25,9,10,8,10,8,16,13,11,15,18,18,16,12,16,18,14,17,9,25,12,34,29,28,30,39,50,25,26,26,25,34,27,29,28,26,29,19,34,31,23,25,29,35,37,44,41,32,50,25,21,24,16,15,19,20,19,20,23,23,23,22,22,22,23,23,14,12,12,9,20,25,25,24,25,24,28,28,26,25,26,26,27,24,27,27,27,21,21,21,27,21,24,31,31,19,18,12,12,12,12,22,22,26,22,21,29,33,57,66,9,6,3,9,9,6,6,6,0,11,21,39,18,60,57,34,59,41,7,7,26,29,16,19,12,16,12,24,42,17,17,7,10,10,10,8,24,22,9,12,11,13,13,19,31,16,16,16,18,19,22,25,16,25,23,21,15,15,16,19,13,12,12,11,12,17,11,11,11,11,16,16,20,17,17,26,16,22,26,26,22,26,23,25,21,7,12,15,17,15,18,18,14,21,17,17,14,10,10,9,9,10,7,13,23,13,12,13,3,14,0,15,15,16,13,12,6,18,10,10,13,13,14,13,23,9,11,5,8,4,7,5,10,7,7,11,12,8,8,8,8,8,8,8,12,12,7,11,8,13,13,13,10,6,12,9,9,11,11,9,10,11,13,13,11,11,11,12,13,13,12,10,11,11,10,13,12,12,10,13,10,10,10,13,13,13,13,10,8,11,8,11,11,11,10,10,10,13,13,10,10,10,10,10,4,7,13,8,4,12,9,12,13,17,14,14,17,14,15,14,13,15,12,12,11,14,15,15,18,18,21,15,15,15,19,19,19,19,19,19,19,18,15,15,19,15,12,14,15,17,18,19,16,16,16,18,18,19,13,13,10,13,10,14,13,9,9,9,15,14,8,11,11,12,12,16,16,14,7,7,7,7,10,10,10,7,7,7,7,4,11,13,13,15,15,10,18,11,10,7,7,7,7,7,7,7,9,10,11,13,13,15,8,8,4,13,9,12,12,13,13,5,4,4,7,5,5,4,7,7,4,5,5,7,7,7,7,5,5,12,11,14,12.11572274,21.8040201
2011,29,24,27,19,18,20,27,21,18,27,28,20,15,24,24,17,21,17,14,24,14,24,20,14,14,11,19,18,20,18,22,24,12,14,20,22,27,27,22,25,25,23,14,13,6,20,20,17,18,17,20,18,17,23,22,22,22,16,20,26,32,24,30,22,27,20,20,25,27,26,26,23,23,22,19,22,22,19,26,20,26,19,21,19,17,23,26,11,21,15,21,27,21,27,25,21,24,25,25,25,26,27,25,25,19,19,19,19,19,21,22,20,21,19,15,16,24,27,20,28,23,20,26,27,33,30,25,26,23,19,31,20,16,45,40,35,34,35,35,34,35,34,34,34,34,34,46,43,34,22,19,22,11,15,26,25,25,16,27,48,64,65,36,34,37,37,43,37,37,37,37,37,40,25,37,40,48,38,44,50,47,57,61,49,60,39,49,49,47,29,55,55,25,22,19,23,17,10,16,17,10,14,18,17,13,24,16,7,15,16,27,26,27,25,30,20,24,26,21,39,25,24,29,11,20,31,24,26,19,13,16,17,15,14,17,19,29,25,14,16,18,19,23,17,16,15,11,12,26,17,13,17,14,6,16,26,24,18,20,20,17,17,20,20,20,20,19,25,21,20,29,21,37,29,29,21,24,27,22,21,21,16,21,24,24,18,20,19,23,25,25,26,29,23,25,19,19,26,22,22,22,17,20,10,21,17,19,18,15,13,20,26,23,19,26,23,19,12,13,12,18,19,27,19,18,30,23,15,23,16,9,19,19,22,22,18,18,21,20,16,18,17,18,15,14,3,3,14,24,15,24,15,20,19,20,32,41,43,43,34,35,33,52,40,50,39,34,36,36,35,33,50,51,52,53,53,50,48,48,48,56,51,52,34,39,44,39,38,32,28,20,33,26,24,18,20,13,11,14,22,14,21,22,22,22,22,18,19,21,21,23,53,53,61,59,61,66,62,62,65,64,68,68,68,68,68,67,63,67,69,69,73,76,76,69,53,54,29,45,60,51,66,66,66,73,61,61,61,52,46,38,38,53,52,104,104,105,91,91,97,105,105,108,102,65,77,30,51,53,76,92,124,107,107,100,98,111,112,114,121,123,142,126,107,114,84,101,99,99,68,12,40,3,7,7,6,7,4,3,3,7,11,3,4,9,13,7,9,5,8,7,7,21,13,0,11,13,16,16,4,0,0,0,4,11,15,11,10,13,7,0,6,3,0,11,12,12,10,21,13,25,26,22,24,22,22,15,13,13,15,17,8,8,4,4,4,8,13,28,11,13,7,5,7,19,7,13,18,10,14,5,13,9,9,10,10,13,6,7,0,34,41,60,39,18,33,28,23,26,34,47,38,31,38,58,48,54,42,40,39,25,16,39,17,17,20,24,27,37,30,29,20,20,28,28,17,20,25,15,15,14,21,26,17,16,24,21,21,21,19,14,14,14,17,11,11,11,9,9,9,21,28,26,25,29,18,26,24,21,14,20,16,16,19,13,13,16,16,15,16,19,15,15,17,17,22,19,26,15,15,26,18,15,26,19,17,17,17,14,26,24,20,19,23,25,30,30,26,32,31,31,32,26,32,32,32,32,29,31,25,28,32,32,36,32,23,29,28,29,36,36,42,40,44,30,33,49,43,47,53,39,56,45,40,47,45,48,45,44,37,29,35,21,24,23,23,19,19,26,19,13,20,32,19,23,17,18,17,17,19,17,23,21,23,23,17,16,16,13,27,18,14,23,23,18,21,38,38,27,22,23,25,20,21,20,28,33,25,21,29,32,29,29,24,30,39,26,26,25,26,29,23,45,42,14,17,20.90458222,28.80025126
2012,29,20,20,20,27,23,23,24,24,19,23,25,25,27,30,27,24,26,24,19,16,23,23,17,17,16,18,23,20,25,23,23,19,25,26,29,26,29,23,23,28,26,13,13,16,31,25,28,25,29,25,35,33,30,26,25,26,28,28,23,33,30,26,25,28,21,27,30,32,31,28,34,20,16,29,23,22,33,27,18,26,20,27,13,37,19,20,30,35,31,24,39,24,38,39,31,33,30,23,26,25,25,26,23,18,26,26,20,18,32,35,43,34,29,35,35,28,30,29,32,32,28,19,26,26,27,27,19,28,31,15,14,25,32,32,30,32,32,32,32,31,32,35,30,32,33,30,29,33,6,7,10,13,14,15,10,13,9,13,20,15,33,31,35,36,32,38,32,32,32,36,36,37,31,30,30,30,38,29,21,28,26,30,48,52,49,38,33,33,31,34,41,30,29,35,30,36,43,41,34,36,22,31,26,44,45,36,35,37,38,67,65,62,75,83,55,65,78,60,84,42,41,54,43,31,50,38,41,38,47,34,41,37,37,37,43,44,40,35,24,19,33,29,22,48,48,43,39,47,43,42,45,33,45,46,42,42,47,65,64,59,63,61,46,58,58,61,52,60,64,61,67,62,58,52,32,36,57,43,38,33,36,35,33,33,42,46,46,36,62,50,74,66,63,61,58,58,67,62,62,60,61,59,19,53,43,50,48,33,34,37,46,50,46,46,46,41,37,32,40,56,60,48,60,50,43,54,58,49,34,45,67,63,71,70,33,44,85,73,58,58,62,55,51,52,25,26,42,54,50,48,68,69,66,55,66,71,75,75,63,63,58,79,81,79,79,80,78,74,76,57,69,72,72,72,73,77,79,76,76,70,74,73,71,73,79,91,78,78,74,73,86,59,56,55,55,47,49,48,56,51,52,49,50,54,54,51,50,52,44,51,71,70,51,70,69,69,70,69,73,73,73,72,72,73,73,77,74,73,72,72,72,78,71,74,73,78,52,59,78,74,65,65,65,65,66,66,58,65,69,71,70,50,62,48,45,45,40,40,46,48,48,55,49,55,65,60,63,58,31,35,36,47,55,54,52,49,52,45,43,51,38,40,17,21,25,32,29,31,22,39,55,38,44,48,53,42,34,37,28,33,43,31,32,40,46,43,53,37,42,32,32,42,42,44,52,54,51,54,18,30,27,34,36,48,48,49,44,44,41,12,34,47,47,39,26,26,29,20,18,25,25,17,16,18,18,32,27,20,26,30,12,7,10,10,9,12,18,33,32,17,34,8,3,6,22,31,23,16,19,6,9,6,6,9,3,6,9,36,21,20,14,22,21,20,17,23,26,25,23,27,26,21,22,24,22,22,19,25,25,24,28,19,22,21,18,24,27,29,24,25,26,26,24,22,19,23,21,19,19,19,22,23,24,24,21,22,21,24,24,22,21,21,21,19,18,22,21,21,18,17,25,27,24,33,27,30,28,28,25,25,20,17,17,28,27,26,29,20,24,17,21,21,17,17,17,14,23,23,23,26,24,24,26,14,16,19,19,19,24,19,23,27,24,30,27,26,39,24,35,34,32,30,32,41,42,46,46,36,36,29,37,35,38,39,27,27,27,27,32,35,33,32,32,28,32,32,41,31,43,55,45,48,47,49,49,41,46,44,39,39,42,23,23,23,26,17,14,26,24,23,16,24,19,16,27,22,22,22,26,22,19,13,29,27,24,24,21,13,24,20,17,20,20,17,20,19,19,18,21,26,19,22,21,26,18,20,23,26,21,21,24,24,23,23,25,18,24,23,27,24,19,21,25,19,19,18.01099642,36.85050251
2013,17,19,18,19,18,18,18,18,19,16,16,16,20,19,20,18,20,20,20,18,15,14,24,20,21,18,13,12,12,15,17,18,14,13,15,20,16,16,19,17,18,20,16,19,9,21,21,17,15,17,17,17,16,20,19,18,20,20,20,21,20,20,19,20,21,14,18,14,18,14,21,18,19,19,18,20,20,24,20,16,19,16,23,19,25,14,15,17,16,15,16,21,22,23,20,15,20,18,18,15,14,15,15,15,18,19,19,14,14,17,14,17,14,14,12,13,7,6,9,9,6,9,12,9,9,9,9,9,11,8,11,11,5,7,7,6,7,7,7,7,7,7,7,7,7,7,6,9,7,22,7,30,25,29,17,16,19,23,23,17,12,12,6,6,6,7,5,6,7,6,5,5,5,4,5,5,3,6,6,6,6,6,6,5,4,3,5,5,5,4,6,6,18,25,25,25,22,26,20,19,20,18,21,16,14,21,20,20,9,6,7,15,7,7,6,10,6,10,10,7,10,7,3,11,17,26,19,20,13,19,23,20,15,16,19,16,6,15,26,18,15,38,17,20,14,11,6,12,11,6,5,5,0,0,0,13,10,12,9,9,9,7,7,12,7,7,7,12,14,13,16,11,16,16,15,14,14,9,13,13,13,14,13,7,10,12,13,14,10,15,10,10,10,9,9,13,13,6,9,10,9,11,10,24,27,22,12,13,7,9,9,4,6,11,7,10,14,6,3,14,23,23,11,18,11,10,17,8,11,0,0,19,15,15,14,0,3,7,10,26,26,27,29,33,30,7,7,21,21,18,32,6,5,12,11,12,9,9,9,16,16,16,8,7,4,3,3,12,12,9,14,6,10,10,6,6,5,5,5,5,4,5,9,3,3,5,7,9,6,7,6,7,11,28,28,25,22,29,31,28,31,30,26,26,26,25,24,24,26,28,27,10,10,9,4,5,5,5,5,4,4,4,5,5,5,5,5,10,5,6,6,5,5,5,6,10,10,20,20,13,21,13,13,12,12,8,8,3,12,6,4,4,12,12,6,6,6,6,6,9,9,9,16,10,0,10,4,15,15,15,21,24,18,16,16,19,15,21,19,23,23,29,25,11,11,24,29,24,19,24,16,13,6,10,13,21,13,13,12,5,5,6,7,8,9,17,14,23,12,8,21,21,31,31,11,18,18,25,24,14,9,9,9,12,17,15,23,16,20,14,3,13,15,15,12,19,19,19,18,12,11,16,16,15,16,16,14,13,12,10,27,30,25,27,28,35,36,28,15,40,30,36,15,11,36,25,28,15,24,18,15,11,16,16,16,12,11,22,8,0,14,19,15,17,17,14,18,23,18,23,14,12,17,9,22,23,22,13,19,19,18,19,17,19,19,22,25,29,26,25,32,31,27,26,26,19,22,26,31,31,29,22,22,23,15,24,24,24,27,30,26,27,27,31,29,29,31,31,29,26,23,28,32,29,28,29,28,28,24,30,28,23,26,26,35,27,31,22,27,31,21,31,31,20,20,20,21,21,21,21,21,30,25,21,21,26,21,20,21,20,21,32,32,32,32,26,26,26,25,29,27,27,27,27,27,27,28,28,26,27,32,29,29,25,25,32,23,23,23,26,26,28,20,17,23,24,20,26,22,24,30,24,28,26,26,26,27,23,21,24,27,28,14,18,18,18,25,25,18,21,18,22,18,18,21,22,22,17,18,18,23,22,23,18,18,18,18,28,28,18,32,24,27,22,27,17,17,17,17,21,18,21,18,25,22,19,23,23,17,19,24,24,24,18,22,18,19,18,17,22,21,18,27,21,21,21,7.971088302,16.52638191
2014,19,3,0,3,0,0,0,0,0,0,6,4,0,3,0,3,0,7,13,6,0,3,0,7,7,0,0,3,13,3,9,0,3,0,3,12,6,6,6,3,11,10,0,3,0,3,6,3,3,3,3,3,3,0,3,6,3,6,3,0,0,0,3,6,3,0,0,3,3,3,6,0,0,0,3,3,3,0,0,0,0,0,0,0,0,0,0,0,0,0,0,0,0,6,3,0,0,3,3,0,0,0,7,3,3,3,0,3,0,0,0,0,6,3,3,6,0,9,3,3,3,0,9,3,6,9,10,9,15,14,19,20,10,19,18,16,16,16,16,13,16,16,16,14,13,13,16,14,13,21,10,18,17,17,12,11,12,11,16,15,12,9,10,13,16,16,17,17,17,17,17,17,18,12,17,17,12,12,11,17,11,11,10,13,7,7,16,13,16,12,7,4,0,0,0,0,0,0,0,0,0,0,0,0,0,7,0,0,0,6,0,0,3,3,3,0,6,6,3,10,12,4,3,7,11,15,14,14,0,3,0,0,0,0,0,0,0,0,0,0,9,25,13,14,14,13,17,12,7,7,7,10,12,10,14,6,6,3,3,9,3,3,3,3,3,3,0,0,3,3,0,3,0,3,3,0,0,0,0,0,0,0,0,0,0,0,0,0,0,0,0,0,0,9,0,0,0,3,3,3,3,10,6,14,12,15,20,20,9,11,13,15,11,3,10,7,8,8,8,11,20,20,10,20,11,11,12,8,12,12,10,17,10,17,12,11,8,3,6,15,17,12,20,6,14,13,13,16,15,15,13,6,11,6,4,3,10,10,7,3,3,3,12,12,12,20,20,21,21,20,3,6,6,6,7,7,7,14,14,14,12,10,6,10,10,12,8,20,19,14,10,13,0,15,15,15,19,25,28,24,28,28,23,23,22,20,20,20,16,16,16,11,11,11,12,11,11,12,11,12,8,8,10,7,4,4,7,7,10,7,7,7,4,4,4,6,4,18,13,13,13,10,10,10,10,3,3,0,3,3,3,3,3,0,9,9,12,12,12,9,12,12,16,12,0,0,0,0,0,0,0,4,14,13,12,3,13,13,6,0,9,0,3,3,0,10,18,7,7,3,18,18,13,13,16,16,15,15,12,13,16,13,12,16,17,13,14,16,15,15,12,12,18,18,15,15,15,12,14,10,13,14,14,13,25,25,24,14,24,13,7,11,21,24,22,8,11,13,19,17,12,12,17,10,17,17,17,17,20,21,33,13,16,16,13,16,18,25,41,56,14,65,23,25,35,11,18,20,20,20,19,27,30,31,26,24,22,25,12,9,27,32,33,28,22,32,27,36,39,24,14,20,23,20,11,12,11,17,13,13,27,31,27,32,31,31,32,32,37,35,35,38,42,37,37,32,31,36,24,24,17,20,25,26,26,40,39,41,37,31,18,27,21,22,25,21,21,17,20,24,25,39,31,31,31,33,31,35,39,30,35,25,28,23,42,37,42,38,28,40,22,32,32,31,27,24,22,24,27,27,24,29,24,23,22,32,26,30,17,22,30,28,29,28,32,27,27,20,21,28,27,26,26,28,30,33,35,32,29,31,37,33,33,25,24,37,28,26,31,32,28,40,29,25,25,24,24,25,28,32,22,29,28,29,36,45,45,34,27,28,30,32,30,30,30,29,25,25,30,25,22,32,25,22,21,26,25,15,18,25,26,22,21,31,34,24,24,25,24,27,29,18,20,24,17,26,27,29,24,29,24,30,34,39,32,29,25,25,26,29,24,25,24,25,22,26,29,25,24,27,22,29,13,16,26,18,11.19097078,14.17964824
2015,38,41,45,35,45,44,45,44,39,39,38,41,41,42,45,45,42,39,42,42,34,46,39,35,35,34,33,33,50,36,38,37,30,37,37,37,40,41,40,41,39,39,14,22,17,24,20,35,43,39,35,43,40,42,43,26,27,22,24,35,29,32,28,29,24,24,24,28,28,28,21,16,31,28,39,39,37,34,31,31,30,25,35,29,36,19,20,25,20,19,18,28,19,27,21,21,21,19,19,25,22,25,19,19,21,19,19,25,19,14,17,18,15,16,15,15,22,24,17,17,19,16,26,26,25,26,25,25,35,34,25,29,30,35,33,31,27,28,28,31,32,27,25,31,24,25,23,17,25,67,72,57,67,70,53,44,42,21,60,54,42,18,33,33,28,33,36,36,36,36,36,35,33,35,26,26,19,26,19,23,20,20,28,32,33,30,31,40,33,26,24,20,31,38,34,34,35,27,29,35,27,31,36,36,31,36,34,29,29,26,22,19,22,26,26,17,22,22,18,18,25,31,29,35,26,32,23,23,18,15,21,19,19,25,25,26,24,24,33,30,34,46,39,31,18,18,31,34,36,36,43,41,24,30,32,24,21,17,22,18,24,28,21,17,20,24,27,16,23,20,17,23,12,12,12,14,14,16,14,14,18,17,19,18,18,17,13,24,18,13,17,22,21,24,19,22,21,22,23,23,23,21,18,34,39,38,32,35,41,32,23,32,30,34,32,35,31,24,28,31,24,27,23,22,26,27,23,19,23,26,28,25,20,22,19,22,28,18,25,37,39,41,30,11,25,13,14,20,22,24,21,28,25,25,20,22,22,22,18,23,23,16,15,8,17,12,10,16,12,9,14,18,16,16,16,16,17,10,14,13,11,14,17,15,14,14,21,12,12,14,15,21,11,36,34,34,27,24,24,28,24,27,28,28,28,25,20,20,29,17,21,27,24,23,12,13,14,12,14,12,18,18,17,17,17,15,17,17,13,10,16,15,16,15,16,18,19,19,24,21,21,21,24,24,24,23,23,20,22,19,20,20,16,10,24,20,20,25,25,21,14,14,17,23,20,22,18,24,24,19,30,24,24,20,21,18,24,25,20,27,24,29,15,23,23,28,27,18,23,18,41,33,17,21,29,38,33,30,23,21,26,33,38,31,34,34,31,38,41,38,47,52,57,57,27,37,41,35,44,48,21,22,29,38,47,54,57,52,54,42,22,40,43,40,43,47,47,51,48,31,31,30,48,32,47,47,42,41,49,43,59,38,33,33,33,31,32,54,48,60,17,42,42,37,61,48,54,46,42,41,45,38,44,44,42,44,38,52,29,6,66,61,73,44,41,70,64,69,74,66,74,76,71,78,75,65,71,71,61,61,64,62,73,55,56,53,59,51,51,59,55,51,51,60,61,62,53,63,54,54,53,52,40,48,48,48,52,49,49,52,54,54,54,49,49,48,50,47,47,52,50,57,50,48,54,50,54,53,52,51,52,49,48,53,48,51,48,49,52,49,54,51,51,50,54,55,55,49,44,47,53,51,52,53,54,51,52,54,54,46,59,54,54,53,53,53,53,41,52,43,47,50,53,50,47,45,36,32,47,59,62,64,64,61,65,54,64,64,61,57,50,43,79,73,64,55,67,66,60,71,74,74,65,64,65,65,65,66,71,58,61,57,40,40,40,40,46,49,58,51,43,42,61,50,48,46,46,49,47,45,52,51,52,68,59,52,52,47,47,61,47,44,55,51,55,50,72,72,75,64,54,54,56,59,51,49,49,45,43,49,49,46,45,40,42,49,48,43,40,47,42,46,81,81,54,50,15.89221105,35.26130653
2016,22,31,35,29,40,35,32,37,38,17,10,43,33,26,35,43,40,37,42,23,32,29,32,38,38,30,20,23,28,30,42,39,31,38,37,37,29,32,37,33,30,31,19,27,16,22,23,36,28,34,35,34,35,33,32,36,37,21,27,39,28,32,32,36,27,20,21,26,28,26,24,19,24,28,33,38,33,31,44,30,41,25,46,24,41,16,18,33,34,28,25,34,24,26,26,25,27,28,28,24,18,19,28,31,22,27,27,24,24,22,21,21,30,27,22,20,19,21,18,17,21,18,17,23,25,18,18,16,46,20,15,24,49,58,59,53,56,53,53,57,54,57,55,50,57,60,42,32,57,44,43,42,31,35,31,19,19,10,48,37,24,23,55,55,56,61,64,55,55,58,59,62,59,60,54,50,38,50,42,28,37,26,40,81,87,76,57,70,62,60,47,50,33,35,36,34,23,29,29,23,28,22,20,27,17,13,26,27,34,33,24,21,17,20,24,19,28,29,28,25,55,53,59,19,21,27,17,17,29,22,27,27,31,19,24,35,31,26,30,30,26,55,21,22,23,22,36,28,24,23,27,23,34,31,27,22,19,19,20,17,21,19,18,10,18,17,17,10,18,21,27,17,26,31,23,19,12,22,16,16,3,18,9,9,9,16,9,15,3,15,16,23,17,23,26,20,19,20,22,23,23,28,24,36,41,42,50,51,41,18,32,43,39,36,39,39,35,17,26,35,33,34,41,33,20,40,34,23,38,24,26,36,32,34,32,23,22,21,19,18,20,25,22,17,25,13,10,13,20,16,25,28,23,23,27,30,33,37,42,27,30,30,29,40,28,33,32,29,30,25,23,33,32,32,35,33,39,42,38,43,45,35,33,23,21,34,17,31,23,23,28,22,22,29,29,29,28,22,25,36,25,25,31,31,31,32,39,39,29,32,37,20,21,23,43,38,37,40,40,39,38,37,39,38,38,38,37,37,37,36,36,38,38,38,36,37,36,44,46,45,49,23,23,23,23,19,24,15,27,37,20,19,36,45,13,13,13,11,11,16,13,13,16,17,15,15,19,21,27,20,29,32,22,22,25,21,25,28,28,28,28,41,29,38,33,15,22,23,20,6,40,46,13,13,14,20,16,25,24,18,15,24,25,19,15,19,15,33,28,32,36,32,29,20,21,15,17,15,15,29,21,22,20,17,32,32,32,32,32,21,4,16,34,34,34,30,26,30,33,32,37,43,45,40,42,42,12,23,24,11,37,17,12,12,19,12,11,19,47,49,18,40,26,35,30,26,30,25,32,30,33,39,38,39,39,35,38,35,22,6,41,44,32,22,21,31,25,28,32,39,37,41,31,40,29,30,31,37,29,29,27,29,31,27,25,24,29,20,21,27,22,29,30,30,33,27,24,30,20,20,23,25,24,21,23,27,26,26,26,24,21,22,22,27,25,25,25,21,21,24,24,28,32,28,23,29,23,26,26,31,27,21,21,20,32,29,31,27,23,26,29,30,30,25,24,24,28,32,32,32,35,34,32,34,29,22,25,25,21,24,30,28,26,29,25,31,31,35,24,24,26,28,22,30,33,32,32,32,32,22,23,22,26,25,33,22,25,25,25,18,17,17,30,30,19,22,26,32,29,37,32,37,31,34,24,24,25,24,34,18,18,18,24,24,23,27,28,28,26,21,25,27,24,16,28,25,25,31,31,25,27,27,25,29,23,20,20,25,25,23,25,28,26,26,27,21,31,31,28,26,26,27,26,32,23,24,18,20,25,21,21,20,24,24,18,23,24,21,19,22,22,24,31,39,21,21,10.69996137,28.79145729
2017,34,35,38,26,32,34,38,35,29,15,25,37,24,22,29,41,29,25,35,24,26,27,28,26,29,24,18,21,46,33,41,29,20,28,30,41,35,35,27,28,29,33,24,18,26,29,37,37,32,37,35,37,28,30,29,25,25,29,21,30,35,32,35,22,37,29,32,38,32,37,34,31,19,19,29,32,24,21,30,23,29,19,25,19,24,23,24,23,29,24,27,35,27,26,32,26,29,32,32,32,25,25,32,29,21,32,32,37,34,24,24,25,23,30,25,21,11,18,14,12,17,17,10,10,11,14,14,7,30,20,21,21,15,31,30,39,24,24,24,23,24,23,23,26,23,23,32,32,22,53,41,50,36,48,53,47,47,24,58,37,33,33,21,21,20,30,36,25,28,25,25,25,31,26,25,25,25,28,31,26,28,25,30,35,37,33,32,29,31,24,12,12,28,30,24,27,21,21,23,20,21,32,27,28,15,18,25,25,22,17,34,31,28,35,37,22,43,37,29,15,32,28,18,31,30,34,30,33,24,30,20,25,23,25,24,34,25,28,28,18,29,27,21,27,16,24,35,24,16,13,14,14,18,19,17,31,28,26,42,42,38,46,25,28,28,27,29,34,35,39,33,34,27,30,24,31,28,28,24,27,26,29,28,27,26,25,21,25,26,21,23,32,20,34,27,24,24,24,24,21,25,35,26,20,25,19,15,15,21,12,17,21,19,21,16,17,17,21,33,18,18,19,17,19,19,25,16,16,24,22,29,22,18,19,19,23,22,32,32,22,16,21,18,24,29,16,13,22,27,23,29,29,23,21,20,22,21,16,18,31,38,31,22,27,26,25,25,22,25,21,19,19,19,19,16,16,19,18,18,18,20,16,19,15,18,18,14,25,18,11,18,10,14,38,38,38,29,28,31,39,31,31,29,29,32,33,31,27,34,27,25,22,22,16,20,23,24,27,27,29,27,23,23,23,23,23,19,22,23,23,22,22,19,19,20,23,17,28,22,34,31,21,21,21,19,24,21,17,13,19,20,20,19,23,24,18,18,25,25,18,15,15,15,11,23,20,16,15,18,35,31,19,20,17,16,15,16,16,21,20,19,41,39,39,36,29,33,28,25,24,38,39,20,21,25,34,37,28,21,20,23,34,34,29,31,44,32,48,48,44,15,15,30,33,33,30,33,28,29,42,24,21,25,34,49,52,49,48,52,46,13,42,64,62,72,57,57,57,52,50,45,43,61,56,58,55,34,40,36,33,44,30,29,31,32,34,30,42,61,59,44,60,31,17,23,21,34,25,20,25,26,23,20,20,20,15,23,21,27,13,27,25,35,28,27,31,30,15,26,28,36,34,21,33,32,34,33,27,35,30,22,31,32,23,22,19,32,39,43,37,29,18,21,33,32,23,19,27,14,14,17,11,16,11,11,18,19,18,21,19,14,19,16,20,19,16,20,20,19,19,13,26,23,22,25,26,25,27,19,19,27,13,13,17,17,16,16,16,17,17,20,19,19,17,17,18,20,21,19,19,21,20,21,24,20,18,16,13,13,16,25,21,22,22,25,24,24,24,31,30,25,25,26,25,22,21,22,22,25,35,29,32,33,35,40,23,38,38,37,32,32,29,46,46,39,37,41,46,45,44,47,49,47,45,45,45,44,41,43,32,32,32,29,28,28,28,21,20,30,26,25,19,30,25,17,14,14,13,13,17,13,14,17,31,33,21,20,23,22,30,23,18,15,17,17,15,39,40,36,32,24,19,19,25,22,25,28,28,29,25,28,32,30,27,28,32,31,29,27,29,29,28,42,38,13,15,9.422550995,26.79773869
2018,30,24,24,24,30,32,24,30,27,13,27,23,23,24,26,24,27,24,22,25,15,22,23,16,16,15,19,14,29,14,20,19,14,14,17,20,22,23,22,22,26,23,34,31,30,20,18,18,14,18,15,18,17,20,19,23,24,22,20,19,18,20,18,23,19,20,20,18,18,18,19,21,20,19,27,22,22,22,24,20,20,19,20,15,26,24,24,21,23,26,30,25,33,18,30,25,34,29,29,27,26,30,26,26,27,26,27,23,19,24,27,26,29,20,22,28,23,19,19,18,25,19,16,14,27,16,13,13,23,23,22,21,17,24,24,23,23,23,23,23,23,22,22,22,23,23,25,28,22,51,39,52,49,53,54,53,51,39,56,44,31,35,22,23,23,23,22,23,23,23,23,23,25,28,21,22,23,33,27,30,29,30,34,22,28,25,20,21,22,32,26,26,27,39,23,30,27,38,18,21,31,33,30,22,12,18,21,24,41,25,24,22,22,36,39,22,33,37,25,25,25,19,22,19,23,27,28,28,22,27,25,22,19,18,20,24,26,15,23,31,31,33,18,25,16,16,26,19,12,16,15,17,10,23,14,18,20,19,16,17,20,16,10,24,13,22,22,29,23,17,18,14,24,26,19,25,20,23,21,20,19,25,11,33,33,33,24,19,30,23,27,22,24,27,24,19,28,21,26,26,30,27,25,4,14,7,6,6,8,8,8,8,8,8,8,8,8,7,4,7,6,3,4,6,4,8,4,0,7,19,17,3,3,6,3,11,6,13,11,36,21,23,20,25,41,20,24,33,30,30,36,14,12,15,21,30,34,34,47,26,23,45,35,42,34,26,26,25,23,22,22,30,31,31,35,33,46,45,45,49,52,46,31,36,32,47,18,23,34,25,38,11,20,50,48,48,36,27,32,33,35,35,32,32,32,32,33,33,42,38,27,29,26,16,50,57,56,50,50,44,43,44,44,44,41,41,41,35,48,37,37,37,35,34,35,29,29,30,30,17,28,19,19,20,20,22,19,9,27,29,27,29,24,24,21,29,25,24,24,25,29,29,24,22,10,29,18,25,29,27,43,36,25,27,26,22,26,26,32,34,33,18,27,33,28,40,33,30,31,23,57,40,29,29,32,35,24,22,21,22,25,43,39,29,34,46,39,56,48,41,15,15,26,27,30,34,38,34,34,46,21,24,32,34,39,39,39,47,48,37,5,31,43,42,55,23,23,37,22,38,33,39,48,39,43,43,17,12,21,9,26,11,12,12,12,6,14,17,25,37,21,23,26,33,24,6,7,19,22,20,26,37,23,23,28,22,28,28,21,16,9,21,23,51,50,20,39,18,15,11,21,17,18,17,21,24,21,17,24,25,25,18,18,19,14,17,23,28,32,26,29,22,22,24,28,15,22,20,44,44,41,39,44,33,38,18,21,21,18,32,32,31,31,29,29,29,29,29,20,20,27,25,18,12,20,19,15,9,9,23,9,21,24,20,8,14,13,12,23,17,48,11,15,19,24,34,45,27,19,19,28,15,21,30,45,23,38,43,39,48,46,15,15,15,18,20,23,29,22,22,21,21,26,21,23,20,23,23,23,26,23,23,26,15,18,18,14,14,14,17,20,25,22,26,22,26,32,15,26,30,30,34,16,15,25,27,28,15,22,14,17,17,55,62,58,56,50,57,49,53,49,54,47,41,56,49,49,54,54,49,51,55,46,31,37,34,38,46,48,28,46,50,52,53,53,38,18,18,17,38,41,32,22,22,17,45,53,53,58,48,51,53,53,57,61,49,45,51,58,54,54,42,31,18,43,43,11.6487203,26.8241206
2019,10,9,12,7,9,12,12,9,6,3,9,9,12,9,9,12,9,6,12,9,6,6,12,0,0,6,6,3,9,12,12,12,9,12,12,12,9,9,9,9,9,9,6,6,3,13,13,9,12,6,10,9,6,6,9,9,9,9,9,13,11,13,9,9,13,0,0,6,9,3,13,10,3,3,6,3,3,6,6,6,6,3,3,3,3,7,11,23,22,15,19,11,17,15,27,16,21,14,14,15,10,11,14,17,12,15,15,28,21,23,23,19,32,34,34,24,34,39,36,38,38,29,30,27,31,40,35,31,31,33,38,38,40,57,52,49,44,47,47,44,47,43,43,43,44,44,50,46,44,45,41,56,62,58,64,65,64,38,59,54,39,47,49,51,48,50,57,50,52,51,50,52,53,49,54,56,35,51,50,46,50,47,52,60,71,56,59,58,60,47,42,44,6,6,11,11,9,22,20,27,30,9,9,9,6,8,10,10,26,41,11,11,11,13,19,17,16,16,16,24,40,39,41,0,3,3,3,3,10,0,4,6,6,14,13,13,21,9,17,3,0,0,0,0,3,3,5,8,8,8,3,3,11,8,11,11,13,5,10,11,11,11,10,10,10,10,10,10,14,11,14,13,13,15,19,10,8,8,12,12,10,10,10,10,10,9,5,10,10,9,10,12,12,14,11,12,12,13,13,13,13,13,16,8,6,6,5,5,8,0,3,3,0,0,0,0,0,0,0,0,0,3,4,3,0,4,3,0,0,3,0,3,3,0,3,3,3,11,13,12,9,9,9,18,16,4,9,6,10,9,9,11,6,13,13,13,14,15,17,12,13,17,17,27,18,20,23,22,22,24,30,23,23,23,23,22,23,27,27,27,18,15,23,26,25,25,19,20,26,25,25,35,28,17,16,16,21,18,19,25,19,19,22,22,22,22,21,21,14,17,15,12,12,11,21,20,21,21,21,18,18,18,18,18,18,18,17,20,23,21,21,19,19,18,20,17,16,22,24,28,21,7,7,7,7,26,23,15,23,20,21,24,38,35,14,14,14,17,17,14,14,14,16,6,23,28,22,28,27,19,21,15,17,18,15,9,19,16,22,20,20,20,21,21,11,29,41,41,35,15,17,31,13,9,12,10,13,14,10,10,10,13,10,7,7,7,7,16,14,10,6,6,9,6,10,13,10,10,13,6,11,10,11,10,7,7,10,10,10,17,7,16,20,20,29,18,16,16,14,13,17,15,25,15,18,18,3,7,9,0,14,0,0,3,3,0,0,7,6,18,6,25,18,17,10,9,6,5,6,11,15,10,13,10,10,7,10,11,10,3,33,38,36,35,37,30,31,32,26,31,33,31,35,31,29,31,25,30,37,37,34,32,33,37,31,35,37,32,36,33,39,31,37,31,31,40,31,32,27,24,27,24,31,38,38,35,40,37,31,27,24,27,27,29,31,31,32,26,26,31,44,29,32,35,35,33,35,37,34,34,31,41,38,38,35,37,34,37,32,34,39,34,29,35,38,37,39,32,34,37,32,33,36,34,38,35,32,36,36,36,42,35,35,40,35,41,34,37,43,42,40,39,37,39,37,36,36,36,33,36,32,35,35,30,33,39,32,35,35,40,39,41,35,35,39,37,35,29,35,40,47,36,34,35,38,36,39,35,40,37,33,33,35,35,35,35,35,35,28,33,28,35,31,32,27,46,45,44,44,49,36,36,28,26,30,29,29,30,28,30,27,32,25,25,25,41,37,36,37,32,31,26,35,37,31,40,39,38,34,40,42,38,38,32,41,39,37,37,37,32,32,38,30,28,36,34,14.45539834,21.99874372
